CODGEO,POP_MUN,TX_TOT_0A24
01004,14359,"32,5"
01031,3646,"32,1"
01034,8909,"29,5"
01053,40490,"31,3"
01160,9236,"29,1"
01262,7074,"33,3"
01283,22258,"32,8"
01354,9635,32
02168,14189,"30,9"
02173,11874,"31,4"
02304,2915,"35,6"
02381,9346,"31,7"
02408,25219,"31,9"
02691,55698,"31,9"
02722,28472,"31,6"
02738,13938,"31,7"
02810,10797,"32,6"
0309503310,38870,"24,2"
0310103185,46872,"26,2"
03185,37839,"27,1"
0318503211,40247,"26,7"
03190,19474,"27,1"
03310,25325,"23,1"
04070,16512,"27,7"
04112,22412,"26,5"
05061,40255,"28,7"
0602906030,116512,"23,3"
06033,11756,"32,8"
06054,4317,"32,9"
06069,50916,"29,6"
06088,342295,"27,9"
0608806114,347702,"27,9"
0608806123,371186,"27,6"
06155,26465,"25,1"
06157,19052,25
07010,16075,"28,4"
07019,11803,"27,3"
07186,8305,"26,3"
07319,8292,"30,5"
08105,48991,"29,1"
08362,7730,"27,9"
08409,18134,29
09122,9731,"25,9"
09225,15744,"30,5"
09261,6289,25
100811026510387,75492,"34,2"
10297,4867,"30,8"
10323,14352,"29,6"
10333,11770,"29,9"
10387,59671,"33,9"
11069,46724,"28,4"
11203,11223,"30,1"
11206,10166,"23,3"
11262,52802,"27,5"
12176,11604,"29,2"
12300,11909,"24,8"
13001,141545,"32,3"
13004,52566,"27,5"
13005,45303,"29,1"
13014,13937,"31,5"
13027,15780,"27,6"
13041,19844,"30,8"
13047,42937,"29,9"
13054,33986,"30,8"
13055,855393,"31,4"
1305513070,861657,"31,4"
13056,47904,28
13063,25002,"32,3"
13067,3114,"30,2"
13077,17208,"29,3"
13103,44263,"30,3"
13106,10713,"29,5"
13108,13941,"32,5"
13117,34493,"32,5"
14118,107229,"36,2"
1411814271,111651,"35,9"
1411814341,118729,"35,9"
14167,5973,"32,1"
14327,21393,"36,7"
14333,7676,"29,5"
14366,21132,"29,1"
15014,26572,"25,1"
16015,41970,"31,4"
16102,18705,"27,5"
16113,7466,"31,1"
16374,9366,"30,1"
17299,24761,"26,4"
17300,74344,31
17306,18138,16
17415,25601,"23,6"
18033,67189,"29,1"
18197,10238,"22,2"
18279,27113,"26,2"
19031,46794,"27,8"
21054,21838,"27,4"
21166,13982,"30,8"
21231,153003,"34,7"
21355,8981,"29,2"
21617,11131,"29,1"
22050,13990,"23,8"
22113,19627,"29,1"
22215,11569,"28,6"
22278,45331,"30,8"
23096,13143,26
24037,28063,"24,4"
24138,8108,"25,3"
2413824322,38144,"28,2"
25031,14552,"30,1"
25056,116952,"35,6"
25057,5806,"34,5"
25284,5480,"32,6"
25388,25697,33
25462,17398,"28,9"
25547,3975,"29,8"
25580,10264,"31,1"
26166,6162,"32,4"
26198,36643,"30,1"
26235,12936,"30,7"
26281,33632,"29,3"
26325,6098,"35,4"
26362,61767,"31,4"
27056,10275,"25,6"
27229,49722,"34,2"
27375,18023,"31,3"
27467,10757,"28,3"
27681,24064,"32,1"
27701,12969,"41,7"
28085,38840,29
28088,13226,29
28134,31373,36
2813428404,43420,"35,4"
28218,16149,"29,9"
28229,10368,"33,7"
28280,10496,"25,2"
28404,12047,34
29019,139386,"34,5"
29039,18867,"21,9"
29232,63532,"28,8"
2A004,67507,"25,8"
2A247,11354,"28,2"
2B033,42254,"28,2"
30007,40711,"27,8"
30010,3377,"24,9"
30028,18218,"29,1"
30032,16036,"31,4"
30132,5176,"26,4"
30189,150564,"31,9"
30202,10393,"27,1"
30227,3247,"22,1"
30258,13641,"31,7"
30334,8573,22
30341,11195,"29,5"
31069,22969,"29,5"
31149,38302,32
31157,16638,"32,1"
31395,24725,"29,6"
31483,11241,"26,4"
31555,458298,"35,8"
32013,21962,"26,1"
33032,6991,"30,4"
33039,26104,"30,4"
3303933063,269730,"34,2"
33063,243626,"34,6"
3306333119,266508,"34,4"
3306933162,44969,"28,6"
3311933167,39413,"31,7"
33138,8276,"27,9"
33162,21762,"30,2"
33167,16531,"30,5"
33192,24439,"31,1"
33249,20770,"34,4"
33281,68386,"29,2"
33318,60763,"34,7"
3332433402,6621,"26,1"
33522,41517,"40,6"
34003,25253,"22,3"
34028,6241,"24,7"
34032,74811,"29,9"
34108,22942,"26,4"
34142,7467,"27,6"
34145,25006,"31,4"
34172,272084,"37,1"
34301,44270,"24,1"
35236,9114,"27,8"
35238,211373,"38,6"
35288,44919,"23,5"
36044,45209,"28,6"
36088,12420,"25,1"
37003,13246,"29,4"
37122,37703,"30,8"
37195,10276,"33,5"
37233,15404,"31,4"
37261,134803,"34,7"
38053,27163,"31,7"
38087,5609,"35,2"
38097,4405,"34,1"
38151,35684,"32,6"
38169,22066,"30,5"
38185,160215,36
38193,16225,"41,6"
38298,6730,31
3829838344,14832,"31,4"
38317,11133,"34,2"
38318,5148,"31,8"
3831838544,34473,"30,8"
38416,8086,"25,7"
38421,38019,"41,6"
38544,29325,"30,6"
38553,18168,"40,5"
38563,19988,"28,6"
39198,23312,"29,2"
39300,17063,"26,4"
39478,10346,"27,2"
40088,20776,24
40192,31334,"27,4"
40281,9337,"28,5"
41018,45539,"32,8"
41194,16891,"26,6"
41269,17121,"26,6"
42005,9844,"31,5"
42044,12523,"30,8"
4204442183,20412,32
4210342271,9578,"32,1"
42147,15673,29
42183,7889,"33,7"
42186,14658,"33,2"
42187,35507,"28,2"
42207,35308,"30,6"
42218,172023,"33,3"
43157,18619,"29,5"
44036,11866,"28,2"
44109,292718,"34,8"
4410944162,336502,"34,3"
44114,24922,"29,8"
44143,39568,"31,1"
44162,43784,"31,3"
44184,68513,"29,6"
45068,12812,33
4506845208,27138,"31,1"
450684520845338,33951,"30,1"
45147,20677,"32,7"
45155,14624,30
45208,14326,"29,5"
45234,114375,"34,9"
45252,9039,"32,7"
45284,19571,"33,9"
45285,16488,"32,5"
45315,5440,"29,8"
46042,19616,"25,5"
47001,34344,31
47157,18028,"26,9"
47252,6132,"27,7"
47310,8914,"26,9"
47323,23462,"25,8"
49007,150125,38
49099,53890,"30,3"
49328,27413,"28,1"
49353,13125,"34,5"
50025,10183,"26,1"
50129,80978,"29,5"
50147,8951,"29,2"
50502,19285,"29,9"
51108,44899,"31,3"
51230,23413,"28,5"
51454,182592,"36,1"
51649,13174,"29,8"
52121,22560,"29,2"
52269,7877,"26,5"
52448,25626,"28,7"
53130,50479,"32,1"
54115,6885,"28,4"
54184,8667,"27,2"
54215,6773,"29,4"
54261,4361,"29,9"
54274,9329,"29,9"
54304,14681,"31,8"
5430454357,24477,"32,3"
54323,14092,"28,8"
54329,19516,30
543395439554482,121784,"37,1"
5435754395,113868,"38,1"
54382,7946,"32,8"
5439554547,133908,"39,3"
54431,14792,"31,8"
54526,8041,"33,4"
54528,16128,"31,9"
55029,15950,"28,2"
55545,17923,"29,7"
56007,12946,"28,2"
56083,15765,"26,6"
56098,21874,"28,7"
56121,57961,"29,8"
56260,53032,"29,2"
57058,7439,"30,6"
57160,13434,"25,1"
57206,13965,"32,2"
5722457690,7402,29
57227,21596,"29,5"
5724057332,20145,"27,9"
57269,6977,27
57332,6867,"26,8"
57463,118634,"33,1"
5746357751,132129,33
57606,16126,"25,9"
57630,12306,"29,3"
57631,21572,"25,8"
57672,41627,"27,1"
57683,6315,"32,3"
57757,15898,"29,1"
58086,10629,"21,9"
58194,34841,"27,8"
5900859024,14935,35
59009,62616,39
590095935059410,315620,"39,7"
59014,13092,"35,7"
5901459079591125949159606,87438,"34,9"
59017,25978,"35,3"
590245918559390,10507,"31,3"
59028,7369,"33,1"
5902859509,13521,"32,2"
590645949159632,19390,"32,3"
5911259207,16241,"35,3"
591125920759491,28923,"34,7"
59122,32852,"31,2"
59139,14789,"33,2"
59153,9741,"34,1"
59155,22015,"29,8"
59163595125959959650,252476,"38,6"
5916559178,47711,"32,7"
591725917959361,35315,38
591725920559361,33565,38
59178,41189,"33,2"
5917859234,47047,"33,3"
591785956959654,64582,"33,7"
5917859654,48757,"33,9"
59179,10964,37
59183,89882,"29,6"
59205,9214,"36,6"
592055936159504,16810,"37,2"
59220593465935059360,272811,"39,4"
59225,7103,"33,4"
59230,5367,"32,8"
59249,12581,"32,6"
59253,7623,"33,6"
59271,21364,"40,4"
59291,14271,"35,6"
59291593655939259424,52725,"34,4"
59295,21737,"31,5"
592995936759512,128024,"40,6"
59314,3575,"35,6"
59324,9897,"33,5"
59328,28491,"31,5"
59350,231491,"40,2"
59360,20650,"36,8"
59365,6574,"38,6"
59378,39392,"29,9"
5938359606,54186,"33,7"
59390,4140,"32,6"
59392,30567,"32,9"
59414,4776,"29,5"
5941459456,10726,"31,8"
5944759613,10184,"33,6"
59452,5443,"34,4"
5945262321,10026,"34,3"
59456,5950,"33,6"
59481,5017,"28,8"
59484,6317,"36,7"
59491,12682,"33,9"
59507,18570,"33,7"
59512,95866,"42,6"
59526,16653,"29,5"
59544,11108,"29,2"
59560,12571,"32,7"
5956459606,46113,"34,2"
59569,15825,"33,1"
59574,12863,"33,6"
59588,8202,"27,9"
59599,93974,"37,8"
5959959650,135496,"36,6"
59616,9877,"31,6"
59648,14179,"33,1"
59650,41522,34
59654,7568,"37,2"
60057,55252,"34,3"
60157,10714,"30,8"
60159,40430,"34,6"
60175,34262,"40,7"
60176,14962,"31,5"
60360,7204,"31,3"
60395,13995,"37,7"
60414,12843,"37,1"
60463,18753,"36,7"
60471,13894,"34,1"
60509,12637,"32,9"
60684,6431,"36,1"
61001,26350,"31,2"
61006,13903,"27,1"
61169,14761,"28,9"
61214,7983,"28,6"
62004,7852,"29,4"
6200462041,48682,"32,9"
62014,9947,"30,1"
62032,4100,"31,5"
620406252562765,35132,"32,8"
62041,40830,"33,5"
62048,10863,"33,7"
6204862188,13892,"32,9"
620486219462555,22158,"32,7"
6204862217,13778,33
62065,17876,35
6206562771,27381,"34,9"
6208362443,13692,33
62119,25463,"32,8"
6211962848,28899,"32,4"
6212662480,11847,"32,7"
6213362351,14701,"34,7"
6213362724,16817,"34,6"
62160,42537,"33,6"
6216062667,52169,"33,6"
6216062758,53860,"32,7"
62178,22802,"32,3"
6217862270,29577,"32,5"
6217862400,27803,"32,4"
6218662563,20421,"33,9"
62193,72520,"36,7"
6219462270,12338,"32,6"
62215,16873,"31,5"
62249,6604,"37,5"
62250,10639,"32,2"
622506235162587,27354,"33,2"
622766240162464,12592,"32,2"
6229162498,34512,"31,8"
62318,11158,"32,2"
6238662528,13480,"34,4"
6240062457,12474,"32,2"
62413,12244,"31,2"
62427,26748,"33,6"
6242762587,36975,"33,8"
62498,31647,32
624986251062528,69745,33
624986252362842,44747,"32,4"
62510,31517,"34,2"
62516,10184,"33,6"
62560,5145,"33,4"
62563,7743,36
6257062724,20312,"32,4"
6257062771,21213,"33,1"
62617,12424,"31,2"
62643,14390,"32,2"
62667,9632,"33,4"
62724,8604,"33,6"
62737,6363,"31,3"
6275362764,11271,"30,2"
62765,13992,"36,2"
62895,8268,"33,9"
62907,8534,"33,1"
63113,141463,"35,4"
63124,19287,"27,6"
63430,11308,27
64102,47492,"27,8"
64445,77575,30
65286,14644,"21,2"
6541765440,45775,"29,1"
65440,41062,"29,7"
66065,8450,"29,1"
66136,120959,"31,1"
67043,17432,"31,2"
6704367447,48882,"31,8"
67046,12718,"30,8"
67180,34419,"30,1"
67218,26455,30
67267,17450,"30,5"
67437,11609,27
67447,31450,"32,1"
67482,275718,"36,5"
68063,11664,"29,7"
68066,67956,"30,4"
6815468224,126933,"34,3"
68224,112063,"34,6"
68297,19907,"29,4"
68376,14666,"29,1"
69019,12031,"33,7"
69027,11429,30
69029,38746,"34,7"
6902969256,82833,"38,4"
69091,19574,"33,9"
690926911569264,48740,"32,9"
69096,9419,"33,8"
69123,500715,"34,3"
6912369259,562351,"34,7"
6914269149,32598,"31,4"
69143,7242,"28,8"
69152,10132,"33,4"
69199,17584,"38,3"
6919969259,79220,"37,9"
69204,20696,32
69243,10733,"30,7"
69256,44087,"41,5"
69259,61636,"37,8"
69264,36531,"33,4"
69266,147192,"36,4"
69275,26826,"31,6"
69282,31438,33
69286,30645,"35,7"
69290,42950,34
70279,5555,"28,9"
70285,10392,"27,5"
70310,8394,"29,2"
70311,7026,"27,4"
70550,15473,"27,3"
71014,13863,"24,8"
71076,45166,30
71153,22308,"25,1"
71270,33350,"29,8"
71306,18969,"24,8"
71540,3116,32
72003,11047,"31,2"
7209572181,151821,"31,5"
72181,144244,"31,5"
72264,12575,31
73008,29580,"24,3"
73011,19071,"28,2"
73065,58653,"33,2"
74012,34261,"32,1"
74042,12648,"32,9"
74081,17627,"31,2"
74133,11723,"25,8"
74243,12561,"32,3"
74281,34610,28
75056,2229621,"27,3"
76057,11957,"30,4"
7609576540,119006,"36,2"
76157,14621,"34,5"
7617876561,13314,"31,2"
76212,9515,"33,9"
76217,30214,"27,1"
76231,17343,"35,7"
76259,19381,"28,6"
76305,9378,"33,6"
76319,9937,"33,6"
76351,172074,"31,9"
76410,11188,"30,7"
76474,7036,"29,8"
76484,11505,"31,8"
76498,22426,"32,5"
76540,110755,"36,8"
76575,28738,"36,5"
7657576681,57442,"32,8"
77014,13761,"28,6"
7708377337,40551,"36,3"
77108,53569,"34,5"
77131,14725,"31,4"
77152,21094,"34,4"
77183,9504,32
77243,20718,32
77284,53766,"36,7"
77285,20713,"38,6"
7728577288,60779,37
77288,40066,"36,1"
77296,17500,"39,1"
77305,17173,"38,4"
77333,12824,"33,3"
77350,19917,"32,3"
77379,11940,"31,4"
77390,22559,37
77445,30068,"40,4"
77468,23669,37
77514,25889,"35,2"
78123,15102,"35,5"
78124,15205,"35,4"
78138,10013,"39,4"
78208,26290,"34,3"
78297,27546,"36,2"
78335,16040,"36,9"
78361,45052,"36,5"
78362,20251,"36,5"
78383,18827,"30,2"
78440,31487,"38,1"
78490,31342,"33,5"
78498,37461,31
78586,51599,"32,2"
78621,30979,"40,7"
78643,9698,"35,2"
78644,5978,"37,7"
79049,18962,"30,5"
79191,57393,29
79329,14230,"24,8"
80001,23821,"29,5"
80021,132699,"37,8"
81004,49342,30
81021,6148,"24,1"
81060,9688,"22,4"
81065,41636,"28,2"
81099,14334,"28,4"
81105,11807,"27,3"
82112,12564,"27,5"
82121,57921,"29,8"
83023,16450,"33,4"
83050,39174,"29,2"
83061,53039,"25,1"
83062,25298,"30,3"
83069,55713,"24,3"
83073,10183,"29,6"
83086,9328,"27,4"
83126,64523,"27,9"
83137,163760,"27,1"
84003,12325,"28,5"
84007,90305,"33,4"
84019,13776,"29,4"
84031,28422,30
84035,25636,"29,5"
84054,18955,"26,2"
84080,12015,"31,9"
84087,29193,"30,4"
84089,19498,29
84092,17344,"30,5"
84129,18500,"32,2"
84138,9519,"27,6"
85092,13647,"24,9"
85191,52732,"31,4"
8604186194,97401,"39,2"
86066,31262,"27,5"
86194,87427,"40,4"
8619486214,94523,"39,5"
87085,135098,"31,7"
88160,32188,"31,3"
88209,8436,"28,4"
88383,7774,"26,1"
88413,20471,"28,1"
89024,34869,"29,3"
89206,9690,"32,7"
89257,6938,"30,9"
89387,25018,"29,1"
9000890010,55019,33
90010,50196,"33,6"
9007590099,8933,"30,9"
91021,10707,29
91027,30094,"33,5"
91103,25624,"36,2"
91114,26066,"32,8"
91174,47632,"36,1"
9117491553,55105,"35,6"
9120191657,59813,"35,3"
91207,5494,"35,2"
91215,12565,"40,8"
91223,24502,"35,4"
91228,66703,"39,4"
91235,9219,"35,8"
91286,27716,45
9128691687,58848,"39,3"
91345,21657,"33,8"
91377,45902,33
91421,23565,"31,8"
9142191657,54691,35
91514,8444,"31,5"
91521,27312,"34,9"
91549,35868,"31,4"
91570,20057,"32,9"
91589,37206,"30,4"
91657,31126,"37,4"
91692,24914,"37,1"
92002,61727,"30,8"
92004,86020,"31,8"
9200492036,129239,"33,1"
92007,38520,"33,9"
92019,32623,"33,9"
92024,59255,31
92025,84577,"33,6"
92036,43219,"35,4"
92050,92227,"35,4"
92078,25466,"36,3"
930019300893055,180725,35
930019302793066,227473,"36,3"
9300593071,132099,38
93006,35984,"32,1"
9300693048,140123,"31,9"
93007930089301093053,196589,"37,3"
9300793029,121038,"36,2"
9300793030,63013,"38,1"
9300893029,118043,"36,3"
93010,52865,"36,5"
9301093077,82030,"35,1"
93013,15708,"34,6"
9301493047,56670,"40,6"
93029,68241,"34,8"
93030,10216,"39,2"
93031,54857,"38,2"
93032,39276,34
93039,6982,"36,4"
93048,104139,"31,9"
930489305393063,170921,"33,4"
93050,34756,34
93051,62834,"34,1"
93053,41125,"36,2"
93055,53471,"31,4"
9305593061,71379,31
93059,28459,"38,9"
9305993066,137802,37
9305993072,64824,"39,5"
93063,25657,"34,8"
93064,43802,"33,4"
93066,109343,"36,4"
9306693072,145708,"37,3"
93070,47534,"32,3"
93071,49465,"38,6"
93072,36365,"39,9"
93073,34614,"36,2"
93078,35329,"38,3"
93079,12451,"40,6"
94002,44818,"31,1"
94003,19746,"32,5"
9400394037,36173,"31,6"
9400494044,39215,"35,4"
94011,16642,"37,1"
94016,29462,"35,7"
94017,75961,"34,6"
9401794019,94095,"34,4"
94022,42769,"33,6"
94028,89989,"34,1"
94033,53124,32
9403794043,42290,"31,6"
94038,31201,"31,8"
9403894076,88385,32
94041,58933,"31,5"
940449407494078,68210,"37,1"
94054,22377,"37,3"
94068,74133,"28,7"
94073,29280,"30,6"
94074,12819,"39,7"
94076,57184,"32,1"
94078,32575,"37,2"
94079,28190,"32,8"
94081,90075,"33,9"
95018,106817,36
9501895063,134672,"35,6"
950199527795680,67509,"37,9"
95063,27855,"34,2"
95127,61708,"40,9"
95218,16704,"35,3"
95219,28021,"31,3"
9521995252,61396,"31,8"
95252,33375,"32,1"
9525295582,59932,"32,5"
95268,41782,40
95277,26075,"37,7"
95280,31212,"39,5"
95306,27378,"34,7"
9532395637,32005,"37,1"
95424,20307,"37,4"
95427,13864,"37,3"
95476,16441,"33,2"
95487,11809,"38,1"
95488,8186,"34,6"
95500,29826,"34,7"
95555,20933,"31,5"
95572,23702,35
95585,57533,"40,7"
95598,17637,"31,8"
95607,25998,"32,9"
95680,27312,"39,1"
97101,57960,"33,8"
9710197120,73786,"33,9"
97104,5479,"29,5"
97105,11150,"31,5"
97107,19201,"31,2"
97117,22456,"31,2"
97120,15826,"34,5"
97129,20144,"33,2"
97209,84174,"28,8"
97213,40040,"31,1"
97222,23296,31
97228,17188,"27,2"
97302,54709,"43,8"
97304,25793,"49,7"
97305,10721,"49,2"
97307,30244,"47,3"
97309,21638,"37,5"
97311,41515,"60,7"
97407,35881,"41,1"
97408,31439,"39,2"
97409,56156,"41,9"
97410,36131,"41,3"
97411,142442,"37,1"
97412,37550,"35,3"
97413,33154,"35,1"
97414,52656,"40,7"
97415,104332,"35,4"
97416,81415,"37,3"
97418,32605,"37,5"
97420,22209,"39,7"
97422,76090,"37,7"
0,4856046,"39,1"
1,58918,"35,1"
2,27316,"31,9"
3,104402,"54,2"
200000321,91275,"33,9"
200000545,18510,"28,9"
200000628,24207,"29,3"
200000776,134672,"35,6"
200006385,94165,"35,3"
200006385200023430,497935,34
20000638593007,146962,"36,2"
200006682,52403,"27,2"
200010650,51911,"29,1"
200011773,86455,"30,2"
200017341,14468,"26,6"
200017846,53280,33
200018059,220055,"33,3"
200018406,32337,"26,4"
200018653,103801,"34,3"
200022523,60406,"35,8"
200023125,45343,"32,8"
200023240,26397,"30,7"
200023281,266518,"30,5"
200023307,48422,"26,4"
200023414,488906,"32,5"
200023430,403770,"33,7"
200023430249300088,817891,"35,2"
20002343093007,456567,"34,2"
20002343093077,432935,"33,6"
200023448,119408,"37,8"
20002344893005,202042,"37,7"
200023562,13340,"31,6"
200023737,40898,"25,2"
200027068,70354,"28,9"
200027183,261925,"28,5"
200027548,30921,"49,2"
200030195,536327,"27,1"
200030385,104620,"29,6"
200030583,48854,"29,2"
200030633,65559,"31,9"
200030674,59779,"26,4"
200033025,36187,26
200033090,113032,"35,1"
200033116,44810,"31,7"
200033124,40236,"28,8"
200033181,121684,"29,7"
200033199,21034,"36,6"
200033207,32691,"25,9"
200033371,156234,"32,8"
200033413,191777,"33,1"
200033579,102649,"30,7"
200033686,219130,"34,7"
200034361,78432,"29,2"
200034379,26844,"24,2"
200034692,68583,"27,5"
200034700,62192,"26,7"
200034718,25650,"27,7"
200034817,56222,"24,5"
200034825,28317,"24,9"
200034841,12870,"28,8"
200034916,22686,"26,2"
200035087,57602,"28,2"
200035129,19549,"21,7"
200035152,99378,"27,1"
200035319,109278,"23,4"
200035459,93363,"28,6"
200035590,37047,"31,9"
200035665,67803,"32,8"
200035715,105036,"27,4"
200035731,100580,27
200035749,87691,"35,8"
200035814,35718,"27,9"
200035863,32148,"26,7"
200035954,16779,"26,2"
200036093,87265,"36,3"
200036135,19316,"22,8"
200036168,21491,28
200036465,37972,28
200036473,59468,25
200036549,17648,"27,2"
200037133,34483,"31,8"
200038933,39982,"26,7"
200039857,101616,"27,9"
200039865,221810,"30,4"
200039915,159192,"23,4"
200039956,25791,28
200040004,41625,"28,7"
200040244,72828,"29,5"
200040277,112247,"32,4"
200040285,31179,"24,1"
200040442,46635,"27,6"
200040459,61847,"29,8"
200040483,212632,30
200040491,45748,31
200040566,50454,"29,5"
200040624,30421,"24,8"
200040673,92659,"32,1"
200040681,22783,"25,4"
200040715,442772,"33,4"
200040764,19829,"26,9"
200040905,29640,"23,2"
200040947,101093,"30,6"
200041226,20678,"22,4"
200041317,118277,"28,2"
200041515,40299,"29,9"
200041762,63528,"26,8"
200041788,104877,"28,3"
200041960,92488,"31,3"
200041960246200299,216787,"32,4"
200042141,35518,"27,1"
200042174,201024,"27,2"
200042190,158170,"33,2"
200042190245901160,348629,"33,3"
200042349,37230,"31,1"
200042646,20765,"22,2"
200042901,40791,"29,7"
200042935,57173,"31,5"
200043008,71280,"30,4"
200043065,28210,"28,7"
200043123,84426,26
200043156,29445,"29,8"
200043172,106694,"26,6"
200043255,47336,27
200043321,48374,"29,6"
200043396,126129,"32,7"
200043404,26452,"32,2"
200043487,24169,"23,6"
200043602,54126,"22,7"
200043917,35428,"28,1"
200044022,76413,"30,4"
200044055,225555,"31,8"
200044055246200364,467200,"32,3"
200044055246200802,260534,"31,6"
200044170,44787,28
200044550,59052,"32,9"
200044618,150798,"31,7"
200044691,58424,"30,6"
200044733,67841,"34,6"
200046977,1336994,"34,1"
200048775,76276,"24,6"
200049187,28469,"29,9"
240100610,24072,"34,9"
240100628,72415,"30,3"
240100750,85567,"31,6"
240100883,65771,"31,7"
240200261,72463,"31,1"
240200428,15137,"30,5"
240200477,52112,"30,1"
240200600,22077,"30,4"
240200618,31346,30
240200683,39315,"30,4"
240200691,15619,"31,1"
240300426,76955,"24,9"
240300608,59781,"25,7"
240300616,54226,"26,8"
240600585,176687,"26,3"
240600593,26182,"27,5"
240700310,27250,"25,4"
240700708,11089,30
240900324,11813,"23,5"
240900381,20897,"25,1"
240900407,28105,"29,5"
241000397,130588,"32,2"
241100593,125323,26
241200633,17883,"24,9"
241300177,98030,"30,4"
241300201,142818,"29,7"
241300268,103504,"28,5"
241300268241300391,1153339,"30,3"
241300276,383919,"30,2"
241300391,1049835,"30,5"
241300409,70982,"27,9"
241300417,83561,"28,1"
241400886,17204,28
241500230,53551,"25,5"
241600253,106143,"28,4"
241600345,34384,"25,9"
241700434,164332,"28,3"
241700640,81036,"18,8"
241800507,97862,"28,2"
242000354,56444,"27,2"
242010056,82326,"25,8"
242100410,248028,"32,7"
242200517,115882,"29,2"
242500338,26407,"29,6"
242500361,178655,"33,6"
242503886,116157,"29,7"
242600252,29818,"29,6"
242700573,81447,"32,2"
242700649,57255,"30,4"
242852598,17423,"27,8"
242900314,207210,"33,1"
242900728,87403,"28,7"
242900769,49514,"23,8"
243000551,13673,"25,2"
243000585,30420,"31,1"
243000593,25506,"30,1"
243000643,244676,31
243100518,734944,"33,6"
243100690,89596,"30,8"
243100799,21624,"25,5"
243200540,31178,"26,3"
243300316,749595,"32,6"
243301371,16316,"25,1"
243400017,441888,34
243400520,47890,"30,5"
243400769,113815,"28,1"
243400819,71964,25
243400827,96956,"25,1"
243500139,426502,"35,7"
243500741,64810,29
243500782,80229,"25,7"
243600236,20907,"24,9"
243600327,74738,"27,6"
243700754,290114,"31,7"
243800455,68907,"30,7"
243800604,102511,"34,8"
243800778,51458,"31,5"
243800935,25567,"33,7"
243801198,22409,"26,8"
244000675,54466,"24,8"
244000808,54176,"27,8"
244100251,28009,"26,3"
244200770,390550,"31,6"
244400404,609198,"32,9"
244400487,33112,"29,9"
244400644,120518,"29,6"
244500203,60825,"29,4"
244500211,25598,28
244500468,276632,"32,8"
244900361,62508,"29,1"
244900700,80818,"30,4"
245000237,80978,"29,5"
245100037,38498,"27,4"
245200456,31368,"28,6"
245300330,95741,"31,7"
245400262,59572,"28,7"
245400601,40561,29
245400676,254074,"34,7"
245400700,28948,"29,6"
245600366,135906,"28,9"
245700216,51757,"24,9"
245700372,79450,"26,8"
245700398,32906,28
245701164,18271,"25,3"
245701222,69804,"28,9"
245701354,33288,"29,3"
245701362,79469,"27,4"
245701388,40311,"26,7"
245804406,67158,"26,8"
245804463,16879,"22,9"
245900410,1129061,"35,7"
245901152,72830,"32,8"
245901160,190459,"33,3"
246000111,72289,"38,6"
246000129,23408,"31,3"
246000376,37217,"30,4"
246000756,33313,"32,4"
246000871,54439,32
246000921,34124,"30,5"
246001010,70970,"32,7"
246100663,54366,"29,4"
246200018,15665,"30,5"
246200299,124299,"33,2"
246200299246200364,365944,"32,9"
246200364,241645,"32,7"
246200380,22048,"31,4"
246200455,69090,32
246200729,117208,"31,2"
246200802,34979,"30,2"
246201115,31204,"26,8"
246201149,95601,"35,4"
246300701,283680,"31,4"
246301063,15157,"26,5"
246400030,126072,"24,2"
246401723,145247,"28,6"
246500565,77357,"28,1"
246700488,475904,"33,3"
246701072,29744,"26,5"
246701189,22980,"29,2"
246800247,53111,"27,9"
246800726,103013,29
246900757,29337,"30,6"
247000011,32767,"27,2"
247000664,19717,"28,5"
247000722,19675,"27,7"
247100290,94210,"25,1"
247100589,106015,"28,6"
247104193,61889,"28,3"
247200090,29392,"30,8"
247200132,199095,31
247300049,58563,"27,5"
247300098,125416,"30,8"
247300767,43610,"27,7"
247400690,39787,"31,7"
247600331,28768,"29,1"
247600596,235953,"31,3"
247600646,23152,30
247600786,48381,"26,6"
247700024,28177,"32,3"
247700057,109274,"34,8"
247700107,35309,"35,1"
247700123,34089,"28,1"
247700370,105051,"37,7"
247700594,92726,"33,8"
247700628,89058,"35,7"
247700677,77609,"34,2"
247800014,117528,"34,5"
247800451,144945,"35,7"
247800634,37773,"30,7"
247800659,170920,32
247900798,36176,"26,7"
248000531,175259,"35,9"
248000556,30468,"28,8"
248100380,51326,"27,8"
248100430,78654,"26,7"
248100737,81365,"28,5"
248200099,71075,"29,7"
248200164,29136,"28,8"
248300493,105303,"27,2"
248300527,38859,"29,2"
248300543,425511,"26,2"
248300550,41337,"28,7"
248400053,68412,"27,9"
248400236,67966,"30,3"
248400251,183938,"30,5"
248400293,24819,"29,1"
248400319,32360,"27,2"
248500092,30485,"26,4"
248500589,93148,"31,6"
248600157,138923,"36,3"
248600413,53107,"27,9"
248719312,206402,"30,2"
248800666,21710,"26,5"
248900334,46375,"28,6"
248900383,14773,"29,4"
248900532,63501,"27,8"
248900938,21539,"29,4"
249000019,97042,"31,6"
249100348,116119,"37,4"
249100405,123174,35
249100470,69951,"34,6"
249100496,102591,"31,5"
249100504,138112,"33,2"
249100512,91719,"33,3"
249100520,83378,"34,3"
249100538,65274,"32,8"
249100579,58848,"39,3"
249200015,185132,"31,3"
249200056,143405,"31,9"
249300070,56670,"40,6"
249300088,414121,"36,7"
249400060,206528,"32,6"
249400086249400094,263885,"33,1"
24940008694017,182223,"33,4"
249400094,157623,"33,5"
2494000949407494078,203017,"34,6"
249500109,199938,"36,9"
249500380,167649,"39,4"
249500398,85619,"31,6"
249500398249500521,270839,"32,8"
249500414,120769,"31,8"
249500489,35841,"35,5"
249500521,185220,"33,3"
249710062,78704,"32,8"
249710070,82174,"29,5"
249720061,161021,"29,3"
249730037,83412,"57,1"
249730045,123085,"43,9"
249740077,175874,"37,4"
249740085,125247,"36,8"
249740093,124652,"40,7"
249740101,212074,"36,9"
249740119,197256,"37,5"
200000172,26586,"31,4"
200000545,18510,"28,9"
200000628,24207,"29,3"
200006682,52638,"27,2"
200006971,19614,"25,2"
200010650,53444,"29,2"
200011773,86455,"30,2"
200017341,14468,"26,6"
200017846,53280,33
200018406,32856,"26,3"
200018653,103801,"34,3"
200023125,45343,"32,8"
200023240,29886,"30,1"
200023307,48422,"26,4"
200023414,488906,"32,5"
200023737,40898,"25,2"
200026573,21867,"27,5"
200027183,261925,"28,5"
200027548,30921,"49,2"
200030195,536327,"27,1"
200030385,104620,"29,6"
200030633,65559,"31,9"
200030674,59779,"26,4"
200033025,36187,26
200033116,44810,"31,7"
200033181,134866,"29,7"
200033207,34762,26
200033579,106955,"30,6"
200034379,28182,"24,4"
200034692,72770,"27,8"
200034700,61364,"26,6"
200034718,25650,"27,7"
200034825,28884,"24,9"
200035087,57602,"28,2"
200035129,19549,"21,7"
200035319,109278,"23,4"
200035459,96608,"28,5"
200035665,72783,"32,6"
200035715,110656,"27,3"
200035731,100580,27
200035814,54478,"27,4"
200035863,32672,"26,7"
200036135,19316,"22,8"
200036465,37972,28
200036473,59468,25
200036549,20807,"27,4"
200037133,34483,"31,8"
200039857,101616,"27,9"
200039865,221810,"30,4"
200039915,159192,"23,4"
200040244,72828,"29,5"
200040277,114433,"32,2"
200040350,33131,"28,2"
200040392,103197,"26,8"
200040442,53572,"27,2"
200040459,61847,"29,8"
200040491,45748,31
200040566,50454,"29,5"
200040590,71525,"32,3"
200040624,30421,"24,8"
200040681,22783,"25,4"
200040715,442772,"33,4"
200040764,19829,"26,9"
200040905,29529,"23,2"
200040947,101093,"30,6"
200041317,118277,"28,2"
200041515,40299,"29,9"
200041630,127731,"28,6"
200041762,63528,"26,8"
200041788,104877,"28,3"
200041960,92488,"31,3"
200041960246200299,216787,"32,4"
200042174,201024,"27,2"
200042190,159027,"33,2"
200042190245901160,349486,"33,3"
200042646,20765,"22,2"
200042901,40791,"29,7"
200042935,63584,31
200043065,28210,"28,7"
200043123,84426,26
200043156,29445,"29,8"
200043172,106694,"26,6"
200043321,48374,"29,6"
200043396,126433,"32,6"
200043404,26452,"32,2"
200043495,43233,"30,9"
200043602,54126,"22,7"
200044618,150798,"31,7"
200044691,58424,"30,6"
200046977,1336994,"34,1"
200049187,28469,"29,9"
200054807,1849088,"30,2"
200055655,344374,"37,4"
200056232,302260,"33,6"
200056380,179674,"32,3"
200057859,193221,"33,1"
200057958,225706,"35,2"
200058477,175097,"33,8"
200058485,263985,"32,9"
200058519,332288,"31,7"
200058519T05ZZZZZZ,766203,"32,8"
200058782,227137,"34,5"
200059228,337717,"37,4"
200059228T12ZZZZZZ,1017180,"34,6"
200059889,404183,"33,9"
200065597,261485,"33,1"
200065647,141183,29
200065787,32899,"29,7"
200065886,106574,"29,3"
200065928,100096,"24,4"
200066009,273894,"30,4"
200066058,75870,"27,4"
200066124,70060,"27,7"
200066231,38745,"29,7"
200066280,29027,"30,8"
200066322,40293,"29,2"
200066355,123905,"25,7"
200066389,76040,"28,8"
200066413,55275,28
200066827,26972,"29,2"
200066876,80154,"31,1"
200066918,128374,"26,5"
200066926,38612,26
200067023,48338,"26,2"
200067106,298664,"25,1"
200067114,68400,"27,8"
200067205,181897,"28,4"
200067213,292005,"33,5"
200067254,161606,"28,5"
200067437,47449,"26,2"
200067502,54462,27
200067551,83478,"29,7"
200067684,49082,"27,6"
200067791,31599,26
200067817,42611,"31,2"
200067825,49200,"28,5"
200067874,95587,"28,9"
200067916,26607,"22,5"
200067932,163178,"28,1"
200067940,29645,"22,3"
200067965,81635,"32,4"
200067999,100585,"32,2"
200068047,83461,"37,7"
200068104,93863,29
200068112,35972,"26,8"
200068120,99816,29
200068146,46409,"26,8"
200068377,29868,"25,8"
200068450,34311,"26,7"
200068468,26146,"28,2"
200068500,82142,"30,6"
200068641,115090,"30,8"
200068658,45927,"27,5"
200068666,60168,"27,7"
200068674,72560,"28,1"
200068757,112445,"28,8"
200068781,215667,30
200068989,94986,"26,6"
200068997,59862,"27,7"
200069029,67235,"27,2"
200069037,104218,"31,6"
200069052,105301,"31,5"
200069110,130380,"30,6"
200069250,166476,"31,5"
200069300,123011,"26,7"
200069383,27359,"24,1"
200069409,151246,"28,8"
200069425,88517,"25,5"
200069532,76308,"29,1"
200069821,39727,29
200069854,189107,"34,3"
200069961,41514,"26,2"
200070092,88329,"29,2"
200070100,24574,"28,8"
200070308,75907,"28,5"
200070324,42675,29
200070431,43853,"27,9"
200070514,69945,"25,5"
200070530,36896,24
200070563,44991,"30,9"
200070647,61398,"24,5"
200070712,37306,25
200070746,65932,"25,3"
200070993,50547,"27,5"
200071066,77507,"26,7"
200071082,64125,"25,7"
200071116,34133,"26,1"
200071140,65065,"26,5"
200071363,84031,"24,7"
200071405,22013,"30,5"
200071413,43214,"26,5"
200071454,110609,32
200071678,102718,"30,4"
200071751,128897,"29,9"
200071785,56273,"30,3"
200071827,140825,"27,9"
200071876,100424,"29,1"
200071892,82804,"31,1"
200071926,28449,"23,2"
200071934,35352,"26,3"
200071991,30077,"30,2"
200072015,46818,"28,8"
200072031,53255,"30,1"
200072072,55148,"25,7"
200072130,94403,"35,6"
200072312,82855,"30,3"
200072346,68212,"28,2"
200072460,277891,"31,4"
200072460246200364,519536,32
200072643,44135,"23,8"
200072726,43952,"30,5"
200072999,21574,"25,9"
200073245,38533,"25,8"
200073419,82071,"26,7"
200077014,87014,"30,4"
200077055,73844,"32,1"
200083392,112424,"31,8"
200084952,270518,"31,2"
200085751,66608,"31,1"
240100610,24072,"34,9"
240100750,85567,"31,6"
240100883,75645,"31,3"
240200477,52112,"30,1"
240200600,22077,"30,4"
240600585,176687,"26,3"
240600593,26182,"27,5"
241100593,124995,26
241200187,54200,"28,9"
241300417,83561,"28,1"
241500230,53551,"25,5"
241700434,164332,"28,3"
241700640,81036,"18,8"
241800507,104666,"27,9"
242000354,56444,"27,2"
242010056,82326,"25,8"
242100410,248028,"32,7"
242500338,26407,"29,6"
242500361,192042,"33,4"
242600252,29818,"29,6"
242900314,207210,"33,1"
242900769,49514,"23,8"
243000585,30420,"31,1"
243000593,25506,"30,1"
243000643,255469,31
243100518,734944,"33,6"
243300316,749595,"32,6"
243301371,16316,"25,1"
243400017,441888,34
243400520,47890,"30,5"
243400769,120208,28
243400819,73503,"25,1"
243500139,426502,"35,7"
243500741,65761,"28,9"
243500782,80229,"25,7"
243600236,20907,"24,9"
243600327,74738,"27,6"
243700754,290114,"31,7"
243800604,102511,"34,8"
243800935,25567,"33,7"
243800984,91749,"29,7"
244000675,54466,"24,8"
244000808,54176,"27,8"
244200770,402859,"31,5"
244400404,609198,"32,9"
244400644,120518,"29,6"
244500203,60825,"29,4"
244500211,25598,28
244500468,276632,"32,8"
244900015,287595,"34,5"
245400262,59572,"28,7"
245400601,40561,29
245400676,254074,"34,7"
245700372,79450,"26,8"
245700398,32906,28
245701164,18271,"25,3"
245701222,69804,"28,9"
245701354,33288,"29,3"
245701362,79469,"27,4"
245804406,68142,"26,8"
245900410,1134997,"35,6"
245900428,199759,"31,2"
245901152,71973,"32,8"
245901160,190459,"33,3"
246000129,23408,"31,3"
246000376,37217,"30,4"
246000582,37113,34
246000756,33313,"32,4"
246000871,54439,32
246000921,34124,"30,5"
246100663,56617,"29,4"
246200299,124299,"33,2"
246200299246200364,365944,"32,9"
246200364,241645,"32,7"
246200380,22048,"31,4"
246200729,117208,"31,2"
246201149,100769,"35,3"
246300701,283680,"31,4"
246700488,482384,"33,2"
246800726,110978,"28,9"
246900757,29337,"30,6"
247000011,32767,"27,2"
247000664,19717,"28,5"
247000722,20852,"27,7"
247000755,15701,"27,1"
247100290,96723,"25,1"
247100589,113269,"28,6"
247200090,29392,"30,8"
247200132,205399,31
247400690,39787,"31,7"
247600646,24745,30
247600786,48381,"26,6"
247700057,128100,"34,4"
247700107,39869,"34,6"
247700594,97586,"33,7"
247900798,36176,"26,7"
248000531,177942,"35,7"
248100430,78522,"26,7"
248100737,81365,"28,5"
248200099,74177,"29,7"
248300493,106325,"27,1"
248300543,425511,"26,2"
248300550,41337,"28,7"
248400053,68412,"27,9"
248400236,44406,"29,9"
248400251,189396,"30,5"
248400293,48379,30
248400319,32360,"27,2"
248500589,93148,"31,6"
248600413,84245,"27,4"
248719312,208417,"30,2"
248900334,57382,"28,2"
248900383,14773,"29,4"
248900938,21539,"29,4"
249500109,199938,"36,9"
249500489,36523,"35,4"
249710062,78704,"32,8"
249710070,82174,"29,5"
249720061,161021,"29,3"
249730037,83412,"57,1"
249730045,123085,"43,9"
249740077,175874,"37,4"
249740085,125247,"36,8"
249740093,124652,"40,7"
249740101,212074,"36,9"
249740119,197256,"37,5"
T01ZZZZZZ,2229621,"27,3"
T02ZZZZZZ,391305,"31,1"
T04ZZZZZZ,561271,"31,1"
T05ZZZZZZ,433915,"33,7"
T06ZZZZZZ,414121,"36,7"
T06ZZZZZZT08ZZZZZZ,817891,"35,2"
T07ZZZZZZ,349004,"37,1"
T07ZZZZZZT08ZZZZZZ,752774,"35,3"
T08ZZZZZZ,403770,"33,7"
T08ZZZZZZT09ZZZZZZ,789357,34
T09ZZZZZZ,385587,"34,3"
T10ZZZZZZ,502700,"30,3"
T10ZZZZZZT11ZZZZZZ,808265,"31,4"
T11ZZZZZZ,305565,"33,2"
T11ZZZZZZT12ZZZZZZ,985028,"33,1"
T12ZZZZZZ,679463,"33,1"
QP001001,6056,"37,3"
QP001002,1830,"31,9"
QP001003,1807,35
QP001004,1378,"40,9"
QP001005,1677,"43,9"
QP001006,4467,"41,1"
QP001007,1034,"41,7"
QP001008,1012,"42,5"
QP001009,1092,"38,8"
QP002001,6059,"34,8"
QP002002,2763,"38,3"
QP002003,1705,"36,5"
QP002004,1750,"40,3"
QP002005,1606,"34,6"
QP002006,994,"34,7"
QP002007,1311,"44,2"
QP002008,1315,"45,5"
QP002009,1823,"39,5"
QP002010,1376,"34,7"
QP002011,4396,"43,4"
QP002012,2275,"28,5"
QP002013,5519,"43,6"
QP002014,1035,"49,3"
QP002015,1318,"35,3"
QP002016,1168,"43,6"
QP002017,1769,"40,5"
QP003001,3887,"32,5"
QP003002,1681,"34,7"
QP003003,3414,"29,7"
QP003004,2841,"32,2"
QP003005,1234,44
QP003006,1323,"46,3"
QP004001,2100,"31,5"
QP004002,3427,29
QP004003,2062,"37,3"
QP005001,1441,"39,9"
QP006002,3347,"32,3"
QP006003,4029,"34,7"
QP006004,2009,34
QP006005,6984,"36,4"
QP006006,1407,"37,6"
QP006007,1555,"44,7"
QP006008,2001,"40,8"
QP006010,7795,"40,8"
QP006011,1281,"32,1"
QP006012,3859,"27,4"
QP006013,11919,"42,3"
QP006014,10217,"43,9"
QP006015,1731,"31,6"
QP006016,1958,"30,2"
QP007001,1776,35
QP007002,1178,36
QP007003,1124,"38,7"
QP007004,1822,39
QP007005,1249,"30,7"
QP008001,2450,"28,5"
QP008002,7463,"35,7"
QP008003,2020,"35,4"
QP008004,1840,"36,2"
QP008005,1247,"35,3"
QP008006,1113,"33,7"
QP008007,5027,"32,5"
QP008008,1287,33
QP009001,1177,"25,6"
QP009002,1236,"28,2"
QP009003,4291,"32,5"
QP010001,1430,"38,5"
QP010002,2951,"40,9"
QP010003,7736,"42,8"
QP010004,1684,"46,3"
QP010005,1461,42
QP010006,4020,39
QP010007,1695,"40,2"
QP010008,1387,41
QP010009,1189,"46,6"
QP010010,1668,"36,1"
QP011001,2050,"28,6"
QP011002,2060,"39,7"
QP011003,1862,"39,3"
QP011004,3775,"33,2"
QP011005,1050,"33,2"
QP011006,1084,"42,3"
QP011007,4031,"36,3"
QP011008,4661,"34,8"
QP011009,1692,"41,9"
QP011010,2993,"37,4"
QP012001,1540,40
QP012002,2091,"38,3"
QP013001,945,"42,1"
QP013002,1080,"30,1"
QP013003,2019,"39,2"
QP013004,1226,"42,2"
QP013005,2887,"41,4"
QP013006,1029,"35,4"
QP013007,1403,43
QP013008,960,"45,9"
QP013009,2043,"32,8"
QP013010,2438,33
QP013011,4171,"38,8"
QP013012,2545,"34,9"
QP013013,3733,"38,2"
QP013014,6900,"32,1"
QP013015,1312,"35,5"
QP013016,4642,33
QP013017,1173,"38,7"
QP013018,6505,"41,6"
QP013019,1162,"42,1"
QP013020,2207,"35,1"
QP013021,1430,"38,2"
QP013022,1875,40
QP013023,1798,"41,8"
QP013024,2353,"40,4"
QP013025,4008,"29,4"
QP013026,1081,"28,5"
QP013027,1087,"35,4"
QP013028,1961,"39,5"
QP013029,3648,"44,5"
QP013030,1567,"38,3"
QP013031,6094,"36,5"
QP013032,97048,"35,4"
QP013033,1889,"33,5"
QP013034,2110,"43,4"
QP013035,1418,"44,2"
QP013036,1041,"44,6"
QP013037,1528,"37,1"
QP013038,5932,"43,6"
QP013039,2016,"35,7"
QP013040,2732,"39,7"
QP013041,1093,"40,7"
QP013042,10439,"44,1"
QP013043,2122,45
QP013044,8777,"41,8"
QP013045,1428,"46,8"
QP013046,1256,43
QP013047,882,"23,9"
QP013048,3123,"41,7"
QP013049,24803,"44,4"
QP013050,3556,"40,3"
QP013051,10040,"44,7"
QP013052,4456,"41,3"
QP013053,4692,"34,6"
QP013054,1660,"50,4"
QP013055,8191,"47,2"
QP013056,2602,"44,3"
QP013057,2262,"45,5"
QP013058,14231,"34,3"
QP013059,1814,"34,7"
QP013060,1788,37
QP013061,3048,"36,4"
QP013062,1623,"45,5"
QP013063,5769,"38,8"
QP013064,1982,"33,7"
QP013065,1758,"32,2"
QP014001,4125,42
QP014002,3908,"41,5"
QP014003,4138,"34,8"
QP014004,2159,"34,9"
QP014005,1532,"42,3"
QP014006,1330,"33,1"
QP014007,8624,"41,7"
QP014008,1343,"42,7"
QP014009,3522,"39,4"
QP015001,1218,"35,2"
QP016001,3539,"39,9"
QP016002,1923,"32,3"
QP016003,2543,"40,4"
QP016004,1291,"39,7"
QP016005,3286,"39,6"
QP016006,1898,"36,8"
QP017001,6123,40
QP017002,5642,"37,1"
QP017003,2087,"31,2"
QP017004,2362,"29,3"
QP017005,1106,"46,3"
QP017006,1207,"25,5"
QP017007,1606,"31,4"
QP018001,9503,"38,1"
QP018002,2465,"37,2"
QP018003,1578,"30,3"
QP018004,4581,"33,3"
QP019001,1144,"39,3"
QP019002,2912,"36,4"
QP019003,1714,"40,6"
QP021001,1665,"34,1"
QP021002,4887,"34,9"
QP021003,7466,"38,5"
QP021004,4333,"36,8"
QP021005,1192,"36,1"
QP021006,2576,"43,2"
QP022001,993,"30,9"
QP022002,932,"29,4"
QP022003,998,"34,1"
QP022004,1632,"37,1"
QP022005,4128,"39,9"
QP022006,1183,"34,4"
QP022007,1208,"31,4"
QP023001,1892,35
QP024001,1775,"35,5"
QP024002,2655,28
QP024003,1133,38
QP024004,1192,"36,9"
QP024005,1474,"33,9"
QP025001,996,"30,9"
QP025002,1137,"47,7"
QP025003,2938,"33,1"
QP025004,15286,"41,2"
QP025005,1919,"42,9"
QP025006,1600,45
QP025007,1840,"39,4"
QP025008,2907,"39,3"
QP025009,1191,"41,5"
QP025010,2186,"32,7"
QP025011,7413,"37,7"
QP025012,1630,27
QP025013,2270,"41,7"
QP026001,2314,"35,1"
QP026002,2404,"41,6"
QP026003,1531,"38,9"
QP026004,2718,31
QP026005,3797,"38,6"
QP026006,2189,"37,8"
QP026007,8439,"41,4"
QP026008,1534,"33,5"
QP026009,1195,"42,9"
QP026010,3237,"38,7"
QP026011,1628,"38,2"
QP026012,926,"39,4"
QP027001,3587,"42,1"
QP027002,988,"42,5"
QP027003,10501,"43,4"
QP027004,2356,"40,3"
QP027005,1403,"42,1"
QP027006,1049,"36,1"
QP027007,1362,"41,9"
QP027008,7168,46
QP027009,1359,"35,4"
QP027010,1402,"38,9"
QP027011,1297,"33,9"
QP028001,1078,"39,1"
QP028002,2553,42
QP028003,1934,"41,1"
QP028004,2168,"39,6"
QP028005,2310,"46,3"
QP028006,4927,"41,9"
QP028007,1289,47
QP028008,6485,"43,6"
QP028009,2728,"34,8"
QP028010,1628,"38,4"
QP029001,1229,"32,6"
QP029002,3792,"30,6"
QP029003,1205,"39,3"
QP029004,7357,"37,3"
QP029005,2040,"34,2"
QP029006,1168,"41,4"
QP029007,2408,"37,3"
QP029008,1930,"30,1"
QP029009,1444,"30,8"
QP02A001,1012,"44,6"
QP02A002,1808,"31,9"
QP02A003,1025,"36,2"
QP02B001,7310,"25,2"
QP02B002,3122,"26,3"
QP030001,14621,"29,1"
QP030002,1134,"28,3"
QP030003,15597,"49,1"
QP030004,6862,"33,3"
QP030005,7264,"38,1"
QP030006,3014,"43,4"
QP030007,1722,32
QP030008,3374,"43,4"
QP030009,3272,"32,8"
QP030010,4006,"36,1"
QP030011,1353,"29,1"
QP030012,1941,"36,7"
QP030013,4374,"34,1"
QP030014,1234,"25,3"
QP030015,2734,"39,1"
QP030016,2421,"29,6"
QP030017,1012,"30,1"
QP030018,1261,"36,5"
QP031001,2938,"41,6"
QP031002,1948,"36,9"
QP031003,1357,"30,1"
QP031004,1613,40
QP031005,3011,35
QP031006,1962,"38,4"
QP031007,31691,"39,1"
QP031008,2127,"48,4"
QP031009,1169,"41,4"
QP031010,5502,"38,7"
QP031011,2747,"35,5"
QP031012,1549,"42,8"
QP031013,1288,"37,8"
QP031014,2021,"35,5"
QP031015,3311,"77,3"
QP031016,1168,"42,2"
QP031017,1059,"38,4"
QP031019,1162,"37,1"
QP032001,1939,"40,1"
QP033001,1111,"41,6"
QP033002,1543,"29,9"
QP033003,1250,34
QP033004,2206,"31,8"
QP033005,1148,"39,4"
QP033006,1892,"34,2"
QP033007,3634,"44,7"
QP033008,11637,"43,5"
QP033009,3208,"38,4"
QP033010,4246,"37,4"
QP033011,1543,"34,1"
QP033012,10228,"36,2"
QP033013,1936,"38,4"
QP033014,2640,"35,7"
QP033015,957,"37,1"
QP033016,3201,"43,2"
QP033017,3590,39
QP033018,3940,"31,9"
QP033019,1108,"37,2"
QP033020,2998,"40,3"
QP033021,3120,"35,1"
QP033022,3143,"42,7"
QP033023,1008,"34,9"
QP034001,19054,"35,5"
QP034002,2832,"38,4"
QP034003,4605,"38,6"
QP034004,1420,"36,7"
QP034005,21652,"44,1"
QP034006,5756,"38,9"
QP034007,3245,"38,4"
QP034008,5578,"40,7"
QP034009,1324,"39,9"
QP034010,3419,"32,4"
QP034011,1245,"41,7"
QP034012,4458,"36,5"
QP034013,1198,"40,9"
QP034014,1095,"30,6"
QP034016,1231,"34,4"
QP034017,3794,"42,4"
QP034018,4340,"27,1"
QP034019,3177,30
QP034020,1955,"28,9"
QP034021,5726,"35,1"
QP034022,3021,"31,5"
QP035001,3583,"28,4"
QP035002,8963,"55,3"
QP035003,5061,"38,6"
QP035004,6443,"34,8"
QP035005,11281,"40,8"
QP035006,1275,"37,6"
QP035007,1152,"31,1"
QP036001,1634,33
QP036002,4877,"43,4"
QP036003,1597,"39,7"
QP036004,1484,"36,8"
QP037001,1095,"43,7"
QP037002,6218,"42,1"
QP037003,1932,"35,1"
QP037004,5286,"35,1"
QP037005,3008,"32,9"
QP037006,1078,"36,9"
QP037007,2546,"47,3"
QP037008,2696,"36,2"
QP037009,8783,"41,1"
QP037010,2018,"39,9"
QP037011,1773,"31,4"
QP037012,1629,"33,6"
QP038001,2785,41
QP038002,940,"39,8"
QP038003,5635,"42,2"
QP038004,1707,"39,8"
QP038005,2036,"34,2"
QP038006,2893,"44,2"
QP038007,12304,"39,5"
QP038008,6629,"40,1"
QP038009,1507,"38,2"
QP038010,1834,"41,8"
QP038011,2473,"37,9"
QP038012,1226,"38,7"
QP038013,2145,41
QP038014,2937,"46,6"
QP038015,2357,"44,9"
QP038016,2061,"41,4"
QP038017,1168,"32,5"
QP038018,1094,36
QP038019,1417,"31,1"
QP038020,1083,"40,2"
QP038021,1253,"39,8"
QP038022,1182,"37,9"
QP038023,2107,"32,9"
QP038024,2641,"41,6"
QP038025,1572,37
QP038026,1672,42
QP039001,2696,"36,3"
QP039002,3580,"35,9"
QP039003,1322,"40,5"
QP039004,975,"32,6"
QP040001,1283,"28,6"
QP040002,1229,"37,3"
QP040003,1233,"32,1"
QP040004,2405,"43,5"
QP040005,1381,"38,7"
QP041001,10703,"42,5"
QP041002,3202,"39,6"
QP041003,1348,"34,8"
QP042001,1257,"44,8"
QP042002,3168,"35,5"
QP042003,1259,"39,2"
QP042004,1108,"35,1"
QP042005,1450,"36,9"
QP042006,2416,"35,9"
QP042007,1186,"38,3"
QP042008,2111,"41,2"
QP042009,2942,"31,8"
QP042010,1156,"40,7"
QP042011,3174,"47,1"
QP042012,7606,"37,8"
QP042013,7324,"39,8"
QP042014,5174,"39,6"
QP042015,2243,"47,2"
QP042016,1882,"41,6"
QP042017,1972,"35,2"
QP042018,1538,"41,4"
QP042019,872,"37,9"
QP043001,1371,"31,3"
QP043002,1122,"33,1"
QP044001,6735,"40,1"
QP044002,1008,"34,3"
QP044003,1109,"36,8"
QP044004,1309,"39,6"
QP044005,16918,"38,8"
QP044006,5075,"43,8"
QP044007,3575,"39,1"
QP044008,5166,"34,8"
QP044009,1927,"29,8"
QP044010,1733,"33,7"
QP044011,1275,"39,9"
QP044012,1164,"34,7"
QP044013,3130,"41,6"
QP044014,5207,"36,9"
QP044015,1437,"44,2"
QP044017,1689,"41,2"
QP044018,2967,"34,8"
QP044019,1539,"42,3"
QP045001,984,"36,2"
QP045002,1193,"38,6"
QP045003,3913,"39,4"
QP045004,3009,35
QP045005,1969,"41,7"
QP045006,1720,46
QP045007,2010,"43,2"
QP045008,1166,40
QP045009,1337,"42,4"
QP045010,11261,46
QP045011,7972,"39,8"
QP045012,1514,"39,5"
QP045013,1223,"42,8"
QP045014,2479,"43,1"
QP045015,1384,40
QP045016,1676,41
QP045017,1515,"34,7"
QP045018,1450,"42,4"
QP045019,1157,"38,3"
QP046001,1036,"39,8"
QP047001,1963,"43,9"
QP047002,1860,"49,1"
QP047003,1482,"32,4"
QP047004,1118,34
QP047005,2520,"32,6"
QP047006,1697,"33,5"
QP047007,1084,"31,8"
QP049001,6236,"40,1"
QP049002,8904,38
QP049003,1375,"44,1"
QP049004,2642,"39,7"
QP049005,7402,"40,2"
QP049006,1450,"43,5"
QP049007,2286,"39,3"
QP049008,2169,"39,9"
QP049009,1510,"38,2"
QP049010,1970,39
QP049011,1973,"38,8"
QP049012,2086,"37,7"
QP049013,3486,"34,1"
QP050001,1222,"26,6"
QP050002,1853,"31,2"
QP050003,1601,30
QP050004,1467,"36,6"
QP050005,6672,"37,2"
QP050006,1754,38
QP050007,1429,"33,4"
QP051001,3622,"39,2"
QP051002,3157,"37,4"
QP051003,11833,47
QP051004,11836,"38,1"
QP051005,4789,"40,5"
QP051006,2515,"34,9"
QP051007,1191,"40,3"
QP051008,1237,"32,5"
QP051009,1651,"40,7"
QP051010,1917,"33,3"
QP051011,1455,39
QP051012,3183,"37,7"
QP052001,1799,"39,4"
QP052002,1289,"29,3"
QP052003,1147,38
QP052004,7470,"35,2"
QP053001,1196,34
QP053002,2214,"44,5"
QP053003,3274,"37,7"
QP054001,979,"32,9"
QP054002,1412,"36,9"
QP054003,1458,"33,2"
QP054004,1420,"27,4"
QP054005,2768,"35,3"
QP054006,1073,"33,6"
QP054007,1161,"36,3"
QP054008,1508,"37,2"
QP054009,2275,"33,5"
QP054010,1038,37
QP054011,1876,"46,1"
QP054012,1810,34
QP054013,2669,"36,2"
QP054014,3602,"38,3"
QP054015,5648,"39,8"
QP054016,15045,"39,4"
QP054017,2579,"33,3"
QP054018,1799,"38,6"
QP055001,2326,"33,7"
QP055002,1609,"43,2"
QP055003,2199,"35,2"
QP056001,1490,"40,4"
QP056002,1147,"34,5"
QP056003,1907,"31,8"
QP056004,1767,"34,8"
QP056005,1654,"35,7"
QP056006,2167,"43,5"
QP056007,1214,"35,6"
QP056008,3439,"44,3"
QP056009,2850,"39,2"
QP057001,1617,"30,9"
QP057002,5870,"30,9"
QP057003,3211,"35,8"
QP057004,1420,"36,9"
QP057005,3595,"35,6"
QP057006,1816,"38,8"
QP057007,2203,"35,7"
QP057008,1371,"36,8"
QP057009,1983,"45,3"
QP057010,1129,"40,9"
QP057011,2482,"35,6"
QP057012,2675,35
QP057013,1224,"32,9"
QP057014,1474,"39,2"
QP057015,3457,"33,7"
QP057016,1078,"36,8"
QP057017,1546,"29,4"
QP057018,3019,"39,9"
QP057020,11013,"42,4"
QP057021,1408,"41,3"
QP057022,3337,"32,1"
QP057023,8782,"36,5"
QP057024,830,"34,5"
QP058001,2531,"37,7"
QP058002,2102,"36,4"
QP058003,1907,"27,7"
QP058004,1601,"25,7"
QP058005,1492,"28,2"
QP059001,1065,"41,3"
QP059002,1331,"34,5"
QP059003,1120,"36,3"
QP059004,1857,"43,3"
QP059005,3168,"37,3"
QP059006,2111,"35,3"
QP059007,2980,"33,3"
QP059008,1794,"39,2"
QP059009,1837,"38,3"
QP059010,1083,38
QP059011,1192,"40,2"
QP059012,1194,"40,5"
QP059013,1470,"37,9"
QP059014,2911,"35,8"
QP059015,1349,"41,6"
QP059016,2064,"39,2"
QP059017,1507,"41,9"
QP059018,1141,"38,9"
QP059019,9396,"39,1"
QP059020,1248,"35,3"
QP059021,10732,"39,2"
QP059022,2319,"35,9"
QP059023,2257,"39,9"
QP059024,1066,"40,9"
QP059025,1935,"35,2"
QP059026,1104,"37,3"
QP059027,2679,"37,9"
QP059028,1822,"37,2"
QP059029,864,"31,9"
QP059030,3189,"38,2"
QP059031,2488,44
QP059032,1282,"38,6"
QP059033,983,34
QP059034,3654,39
QP059035,1227,"35,6"
QP059036,1387,37
QP059037,1040,"37,6"
QP059038,1385,"33,4"
QP059039,1020,"37,4"
QP059040,1633,"35,1"
QP059041,1379,"44,3"
QP059042,2287,"39,8"
QP059043,1683,"31,4"
QP059044,4566,"39,2"
QP059045,1626,"37,1"
QP059046,1539,"33,4"
QP059047,1257,"29,8"
QP059048,1286,"34,4"
QP059049,929,"34,6"
QP059050,13195,"39,7"
QP059051,3451,"40,4"
QP059052,2448,"39,8"
QP059053,1232,"37,5"
QP059054,1172,"42,3"
QP059055,2781,"36,7"
QP059056,1292,"34,3"
QP059057,1477,"39,4"
QP059058,1126,"25,5"
QP059059,1721,"35,4"
QP059060,1274,37
QP059061,4008,"40,4"
QP059062,5912,"36,6"
QP059063,4860,"35,3"
QP059064,8659,"41,9"
QP059065,1141,"40,8"
QP059066,5218,"40,3"
QP059067,2983,"42,4"
QP059068,2483,"37,6"
QP059069,1786,"37,1"
QP059070,1244,"47,7"
QP059071,8042,"41,1"
QP059072,1166,"39,7"
QP059073,1778,"39,2"
QP059074,47687,"42,7"
QP059075,12711,"41,9"
QP059076,1443,"32,4"
QP059077,3445,"38,2"
QP059078,1328,"49,1"
QP059079,1350,"39,5"
QP059080,10603,"38,8"
QP059081,1861,"43,9"
QP059082,69303,"44,9"
QP059083,2132,"39,3"
QP059084,1608,"41,4"
QP059085,4037,"45,6"
QP059086,4204,"42,5"
QP059087,6836,43
QP059088,1435,"37,6"
QP059089,4385,"38,2"
QP059090,5249,"38,3"
QP059091,3310,"39,2"
QP060001,19538,"43,4"
QP060002,3719,"41,5"
QP060003,2349,"38,7"
QP060004,2828,"42,8"
QP060005,2137,43
QP060006,2670,41
QP060007,3059,"43,1"
QP060008,3083,"34,1"
QP060009,4753,"42,1"
QP060010,2703,"44,1"
QP060011,8913,"40,1"
QP060012,1229,45
QP060013,3089,"41,4"
QP060014,1118,"42,9"
QP060015,1285,"31,6"
QP060016,1988,"43,1"
QP060017,1559,"42,4"
QP060018,1315,"41,7"
QP061001,1382,"33,1"
QP061002,2626,"33,8"
QP061003,1047,"29,5"
QP061004,1984,"40,4"
QP061005,1233,36
QP061006,4245,"40,6"
QP061007,2113,"37,7"
QP062001,1088,"36,3"
QP062002,1256,"36,2"
QP062003,1588,"31,1"
QP062004,2413,"39,8"
QP062005,2365,"33,4"
QP062006,994,"40,3"
QP062007,2396,"32,9"
QP062008,3083,"38,5"
QP062009,3347,"37,4"
QP062010,1179,"37,4"
QP062011,5210,"35,4"
QP062012,1889,"35,9"
QP062013,1496,"33,6"
QP062014,1689,"40,5"
QP062015,1213,"37,3"
QP062016,1332,"39,3"
QP062017,2727,"39,7"
QP062018,1729,"36,9"
QP062019,4765,"40,8"
QP062020,2318,"37,7"
QP062021,1850,"36,8"
QP062022,3847,"38,8"
QP062023,2316,"34,2"
QP062024,2215,37
QP062025,4803,"39,2"
QP062026,1497,"45,4"
QP062027,1497,"36,8"
QP062028,7071,"38,3"
QP062029,4819,"40,9"
QP062030,2275,41
QP062031,1232,"39,7"
QP062032,1610,35
QP062033,4072,"38,6"
QP062034,1438,"43,8"
QP062035,2301,"39,9"
QP062036,2896,"42,2"
QP062037,1776,"31,9"
QP062038,1134,"36,8"
QP062039,1092,"44,8"
QP062040,1670,"35,7"
QP062041,1936,"37,2"
QP062042,1049,"47,4"
QP062043,1898,44
QP062044,2183,43
QP062045,2466,"34,9"
QP062046,1231,"37,5"
QP062047,1418,"39,6"
QP062048,1915,"36,8"
QP062049,1487,"37,3"
QP062050,1423,"34,1"
QP062051,8046,"43,3"
QP062052,1455,"36,3"
QP062053,1227,"30,8"
QP062054,2584,"42,1"
QP062055,5477,"41,5"
QP062056,8555,"44,3"
QP062057,2693,"38,7"
QP062058,1849,"38,8"
QP062059,1207,"37,2"
QP062060,1088,"37,9"
QP062061,7023,"38,4"
QP062062,1259,"37,9"
QP062063,1499,44
QP062064,2193,"35,3"
QP063001,1033,"34,4"
QP063002,3413,"35,8"
QP063003,7596,"39,9"
QP063004,4382,"41,3"
QP063005,1928,"38,3"
QP063006,1560,"40,2"
QP063007,1604,"34,4"
QP064001,1649,"29,5"
QP064002,3803,"36,7"
QP064003,4102,"35,7"
QP064004,2057,"38,1"
QP065001,1516,"49,1"
QP065002,2357,"34,1"
QP065003,3316,"31,2"
QP065004,1165,"32,6"
QP066001,1226,"32,7"
QP066002,2630,"38,3"
QP066003,3430,"35,5"
QP066004,2828,"46,5"
QP066005,5101,"43,1"
QP066006,1581,"45,9"
QP066007,2854,"28,5"
QP066008,11358,"38,7"
QP066009,994,48
QP066010,1609,"40,2"
QP067001,1464,39
QP067002,1251,"37,7"
QP067003,1426,"41,1"
QP067004,5957,"40,3"
QP067005,1691,"36,9"
QP067006,2327,"35,1"
QP067007,2701,"41,6"
QP067008,1934,"34,3"
QP067009,2937,"37,6"
QP067010,1875,39
QP067011,12869,"41,9"
QP067012,2251,"39,5"
QP067013,7991,"41,9"
QP067014,5014,"42,1"
QP067015,2949,"37,8"
QP067016,16800,"43,2"
QP067017,4199,"34,9"
QP067018,2493,"31,9"
QP067019,1259,"41,6"
QP067020,1461,39
QP067021,2401,"41,2"
QP068001,1901,"39,1"
QP068002,10191,"40,7"
QP068003,8111,"44,4"
QP068004,4419,"40,7"
QP068005,34043,"38,4"
QP068006,4674,"38,2"
QP068007,1263,"38,7"
QP068008,1893,"45,2"
QP068009,1889,"35,7"
QP068010,1139,"45,6"
QP069001,1782,"38,7"
QP069002,2283,"46,1"
QP069003,985,"36,1"
QP069004,3129,"32,3"
QP069005,810,"37,5"
QP069006,1201,"47,7"
QP069007,4066,"39,7"
QP069008,4923,46
QP069009,1517,"33,9"
QP069010,4759,"37,6"
QP069011,6686,"40,9"
QP069012,3285,"45,7"
QP069013,1336,"33,1"
QP069014,2408,"39,8"
QP069015,21966,"43,8"
QP069016,5976,"39,7"
QP069017,1372,"42,9"
QP069018,20491,"43,6"
QP069019,2241,45
QP069020,2224,"43,5"
QP069022,5000,36
QP069023,2193,"46,1"
QP069024,1712,"35,6"
QP069025,2092,"37,6"
QP069026,2265,"41,4"
QP069027,1605,"38,3"
QP069028,15721,"39,6"
QP069029,1541,38
QP069031,5773,"40,9"
QP069032,1275,"40,2"
QP069034,1409,"41,5"
QP069035,15236,"36,9"
QP069036,2801,"37,1"
QP069037,7585,"41,9"
QP069038,1965,34
QP069039,1689,"28,8"
QP069040,1035,"41,6"
QP069041,1225,"36,3"
QP069042,1987,"44,8"
QP069043,1350,46
QP070001,2971,"34,3"
QP070002,1378,"34,2"
QP070003,1210,"31,4"
QP070004,1171,"36,5"
QP070005,890,"35,9"
QP071001,2994,"35,7"
QP071002,1109,"37,4"
QP071003,5955,"41,1"
QP071004,1904,40
QP071005,2376,"38,1"
QP071006,2057,"40,2"
QP071007,1382,"37,5"
QP071008,1265,"35,8"
QP071009,1323,"32,4"
QP071010,1029,"28,8"
QP071011,1509,"35,4"
QP071012,1059,28
QP071013,1256,"41,5"
QP072001,1323,"36,4"
QP072002,5407,"35,2"
QP072003,4264,"44,8"
QP072004,6000,"37,8"
QP072005,9714,"43,3"
QP072006,880,"40,2"
QP072007,1202,"40,1"
QP073001,3578,"36,7"
QP073002,6270,"39,4"
QP073004,1170,"37,8"
QP074001,3726,"41,5"
QP074002,1635,"34,9"
QP074003,1168,"35,2"
QP074004,1628,"44,5"
QP074005,1097,"40,7"
QP074006,2245,"38,4"
QP075001,2127,"33,4"
QP075002,2119,"27,9"
QP075003,2431,"29,7"
QP075004,2371,"27,4"
QP075005,781,"30,2"
QP075006,1504,"38,7"
QP075007,3697,"29,6"
QP075008,3664,"32,5"
QP075009,2346,27
QP075010,14152,"33,6"
QP075011,7447,"37,8"
QP075012,13232,"28,1"
QP075013,5120,"37,6"
QP075014,14197,"33,2"
QP075015,13253,"31,2"
QP075016,7799,"32,2"
QP075017,1369,"25,7"
QP075018,1146,"32,3"
QP075019,19541,"32,3"
QP075020,28021,"29,1"
QP076001,1020,"35,5"
QP076002,3241,"34,1"
QP076003,1809,"36,4"
QP076004,1998,"38,1"
QP076005,9038,"40,2"
QP076006,9221,"37,9"
QP076007,1915,"43,8"
QP076008,1841,"45,1"
QP076009,2628,"35,6"
QP076010,16493,"40,8"
QP076011,5089,"40,2"
QP076012,2749,"45,4"
QP076013,1883,38
QP076014,6573,"36,5"
QP076015,1063,"39,3"
QP076016,1099,"40,1"
QP076017,1407,33
QP076018,1247,"39,5"
QP076019,1880,"37,4"
QP076020,3003,"39,7"
QP076021,1981,"38,6"
QP076022,10314,"43,5"
QP076023,4779,41
QP076024,1140,46
QP076025,1333,"45,6"
QP076026,2241,"39,8"
QP076028,2912,"37,1"
QP077001,1818,"43,9"
QP077002,1803,"45,3"
QP077003,996,"41,3"
QP077004,1689,"44,5"
QP077005,3238,"45,9"
QP077006,2677,"45,3"
QP077007,3848,"40,7"
QP077008,8064,"41,8"
QP077009,6217,"44,7"
QP077010,8590,"43,5"
QP077011,2752,"43,8"
QP077012,5283,"43,6"
QP077013,14683,"42,2"
QP077014,5824,"45,2"
QP077015,1617,"40,3"
QP077016,1203,"37,7"
QP077017,2944,"42,7"
QP077018,2034,"42,4"
QP077019,2789,"40,8"
QP077020,3056,"41,4"
QP077021,2015,"38,3"
QP077022,3867,"44,6"
QP077023,3033,"45,3"
QP077024,1022,"46,6"
QP078001,21352,"41,4"
QP078002,2515,"46,6"
QP078003,1194,"50,9"
QP078004,2985,"39,7"
QP078005,3257,"40,4"
QP078006,17281,"42,6"
QP078007,2136,"36,3"
QP078008,3918,"40,3"
QP078009,1606,"38,2"
QP078010,2892,"45,4"
QP078011,5723,"44,5"
QP078012,2472,"37,2"
QP078013,3503,"42,3"
QP078014,1906,"38,6"
QP078015,8697,"41,8"
QP078016,710,"31,8"
QP078017,3279,"44,2"
QP078018,1646,"43,5"
QP078019,5594,"35,6"
QP078020,1750,"49,5"
QP078021,10629,"41,7"
QP078022,1940,"40,6"
QP079001,2791,"35,8"
QP079002,1320,"38,3"
QP079003,1731,"43,5"
QP079004,978,"26,8"
QP079005,1067,"38,5"
QP080001,7061,"46,2"
QP080002,2492,"43,7"
QP080003,15846,"42,3"
QP080004,1199,"46,6"
QP080005,2879,"40,5"
QP080006,1823,"46,8"
QP080007,1957,"44,8"
QP080008,3664,"37,1"
QP080009,1071,"40,8"
QP081001,1283,"34,8"
QP081002,1254,36
QP081003,1298,"36,7"
QP081004,2116,"39,9"
QP081005,1649,"34,3"
QP081006,2106,"39,1"
QP081007,1782,"40,5"
QP081008,1244,"42,6"
QP081009,1877,27
QP081010,1173,"32,9"
QP081011,2701,"29,5"
QP082001,3551,"36,4"
QP082002,3802,"38,2"
QP082003,2470,30
QP082004,1202,"35,1"
QP083001,947,"32,5"
QP083002,4408,"34,3"
QP083003,2524,"40,3"
QP083004,1541,"34,6"
QP083005,1467,"41,1"
QP083006,2034,"29,7"
QP083007,2361,"40,8"
QP083008,9334,"40,1"
QP083009,3080,"32,7"
QP083010,4016,"40,5"
QP083011,2109,"40,6"
QP083012,1301,"47,1"
QP083013,3015,"25,5"
QP083014,1135,"34,6"
QP083015,1850,"34,8"
QP083016,8632,"28,1"
QP083017,1811,"37,1"
QP083018,2786,"41,5"
QP083019,1823,"33,8"
QP083020,2002,"35,7"
QP083021,1647,"43,1"
QP084001,1590,35
QP084002,17186,"41,1"
QP084003,4612,"43,2"
QP084004,2813,"41,8"
QP084005,741,"18,3"
QP084006,2962,42
QP084007,1642,"31,3"
QP084008,2990,"31,5"
QP084009,1871,"35,5"
QP084010,1142,"43,6"
QP084011,1412,"40,9"
QP084012,4362,"36,1"
QP084013,1130,"35,3"
QP084014,1434,"37,1"
QP084015,1248,"46,3"
QP084016,1536,37
QP084017,3307,34
QP084018,1140,"42,6"
QP084019,1783,"34,9"
QP084020,5069,"40,4"
QP084021,1100,"29,5"
QP084022,2449,"36,5"
QP085001,2545,"34,8"
QP085002,1167,"36,1"
QP085003,1463,"40,6"
QP085004,1634,"28,9"
QP086001,4270,"38,6"
QP086002,2599,"43,2"
QP086003,1157,"38,7"
QP086004,4149,"38,5"
QP086005,9120,"39,2"
QP086006,1934,"36,2"
QP087001,1261,"37,3"
QP087002,3699,"39,3"
QP087003,1516,35
QP087004,5640,"39,9"
QP087005,4008,"48,3"
QP087006,3949,"39,1"
QP087007,1679,"26,9"
QP087008,2328,"35,6"
QP087009,1434,"32,5"
QP088001,1248,"37,3"
QP088002,3712,"41,4"
QP088003,1165,"36,1"
QP088004,1336,"33,9"
QP088005,2949,"35,8"
QP088006,2686,37
QP089001,1663,"33,6"
QP089002,3602,"39,2"
QP089003,1011,"41,7"
QP089004,970,"39,6"
QP089005,2060,"48,6"
QP089006,5636,"39,8"
QP089007,1245,"35,3"
QP090001,1655,"49,8"
QP090002,2430,36
QP090003,1900,"28,2"
QP090004,10048,"39,4"
QP090005,1107,"34,7"
QP091001,916,"39,5"
QP091002,5662,"41,5"
QP091003,6134,"42,7"
QP091004,1478,"45,7"
QP091005,1072,"31,7"
QP091006,5402,"39,6"
QP091007,1460,"42,2"
QP091008,1087,"42,7"
QP091009,1211,"36,9"
QP091010,6059,"41,3"
QP091011,2722,"46,8"
QP091012,6575,46
QP091013,1523,"43,9"
QP091014,2573,"44,4"
QP091015,2681,"41,2"
QP091016,5182,"46,3"
QP091017,12722,"42,3"
QP091018,2713,"44,5"
QP091019,3286,44
QP091020,1568,43
QP091021,2272,38
QP091022,1641,"40,6"
QP091023,2401,"45,5"
QP091024,1459,"36,6"
QP091025,5166,"40,9"
QP091026,16369,"45,6"
QP091027,13198,"45,8"
QP091028,3820,"41,7"
QP091029,1370,"50,3"
QP091030,4670,"40,7"
QP091031,2957,"46,3"
QP091032,2562,47
QP091033,5299,"44,1"
QP091034,3277,"44,6"
QP091035,904,"24,9"
QP091036,1495,"45,8"
QP091037,2599,"46,5"
QP091038,1587,"50,2"
QP091039,3726,"36,7"
QP092001,2525,"33,4"
QP092002,1692,41
QP092003,3344,"35,9"
QP092004,3647,"38,8"
QP092005,5660,"37,8"
QP092006,5156,"35,9"
QP092007,13535,"39,1"
QP092008,1789,"38,4"
QP092009,1886,"38,8"
QP092010,4438,"40,8"
QP092011,6512,"36,6"
QP092012,6872,"39,2"
QP092013,8688,"34,8"
QP092014,2881,27
QP092015,8217,39
QP092016,6924,"36,9"
QP092017,2564,"26,8"
QP092018,2422,28
QP092019,11729,"39,4"
QP092020,1557,"41,9"
QP092021,1100,"31,6"
QP093001,1687,"36,3"
QP093002,2282,"40,1"
QP093003,29428,"45,9"
QP093004,3590,"37,4"
QP093005,3962,"34,4"
QP093006,1143,"37,2"
QP093007,3949,"43,9"
QP093008,2457,"36,6"
QP093009,15461,"35,9"
QP093010,8539,"38,2"
QP093011,25853,"39,1"
QP093012,3766,"37,6"
QP093013,3829,"43,9"
QP093014,29831,"39,4"
QP093015,7148,35
QP093016,3734,39
QP093017,3455,"40,8"
QP093018,13389,"37,1"
QP093019,3768,"40,3"
QP093020,3231,45
QP093021,5049,"40,7"
QP093022,1897,"37,8"
QP093023,6185,"32,8"
QP093024,9327,"30,5"
QP093025,2001,"41,3"
QP093026,2223,44
QP093027,1827,"38,2"
QP093028,114891,"36,7"
QP093029,7306,"41,3"
QP093030,10654,"40,2"
QP093031,11390,"40,5"
QP093032,1450,"37,6"
QP093033,2636,"37,8"
QP093034,1484,39
QP093035,9998,"41,5"
QP093036,2093,"39,1"
QP093037,4498,"37,4"
QP093039,40243,"35,1"
QP093040,7367,"44,1"
QP093042,7024,"37,3"
QP093043,9607,"39,1"
QP093044,2021,"31,7"
QP093045,8351,"29,2"
QP093046,3065,"33,7"
QP093047,3638,"34,5"
QP093048,18454,"41,3"
QP093049,9250,"41,6"
QP093050,5689,"38,8"
QP093051,6901,46
QP093052,9587,"44,3"
QP093053,7297,"42,6"
QP093054,45563,43
QP093055,16093,"41,1"
QP093056,4760,"41,8"
QP093057,1785,"43,1"
QP093058,7157,"40,2"
QP093059,1733,"44,2"
QP093060,7376,"42,3"
QP093061,3976,"44,8"
QP093062,3641,"38,3"
QP093063,1662,"38,1"
QP094001,1382,"34,2"
QP094002,1708,"34,3"
QP094003,5301,"42,7"
QP094004,3346,"33,5"
QP094005,7138,"41,1"
QP094006,1149,"35,9"
QP094007,1032,"28,3"
QP094008,2758,"34,9"
QP094009,5079,"30,4"
QP094010,1620,33
QP094012,3680,"38,6"
QP094013,11009,"37,4"
QP094014,1999,"40,8"
QP094015,1979,"36,1"
QP094016,2390,"33,6"
QP094017,1716,"40,8"
QP094018,1491,"38,3"
QP094019,867,"33,3"
QP094020,1207,"35,2"
QP094021,3066,"34,9"
QP094022,1979,"31,5"
QP094023,1475,39
QP094024,4001,33
QP094025,479,"21,5"
QP094026,4838,"39,7"
QP094027,12303,"41,7"
QP094028,1890,"36,1"
QP094029,1563,"41,1"
QP094030,2378,"38,4"
QP094031,7181,"38,6"
QP094032,2655,"38,4"
QP094033,1577,34
QP094034,2425,"42,7"
QP094035,10107,"42,3"
QP094036,2317,"37,8"
QP094037,3041,"35,4"
QP094038,7065,"42,3"
QP094039,1914,"34,4"
QP094040,1683,"35,8"
QP094041,5794,"38,9"
QP094042,2259,"35,2"
QP095001,1477,"44,6"
QP095002,765,"19,1"
QP095003,1732,"46,2"
QP095004,2175,"36,8"
QP095005,14127,"42,2"
QP095006,9258,"40,9"
QP095008,2763,"37,3"
QP095009,4448,"36,9"
QP095010,1486,39
QP095011,9076,"45,3"
QP095012,1147,"43,4"
QP095013,1740,"41,7"
QP095014,2107,"46,9"
QP095015,3211,"40,7"
QP095016,2408,"38,8"
QP095017,3136,"33,5"
QP095018,1099,"41,3"
QP095019,1489,"45,6"
QP095020,1420,"35,8"
QP095021,2468,"40,6"
QP095022,1079,"32,1"
QP095023,1687,"39,8"
QP095024,1151,"46,2"
QP095025,2962,"42,7"
QP095026,1339,"42,2"
QP095027,4726,"40,1"
QP095028,1016,"47,7"
QP095029,1055,"45,5"
QP095030,1976,"37,9"
QP095031,8210,"42,8"
QP095032,30892,"40,4"
QP095033,35912,"42,1"
QP095034,15243,"40,4"
QP095035,1036,"43,1"
QP095036,4267,"41,4"
QP095037,2802,"38,4"
QP095038,15355,"41,7"
QP095039,2479,41
QP095040,3131,43
QP095041,2681,"38,9"
QP971001,4138,38
QP971006,3119,"29,9"
QP971015,4197,37
QP972001,12062,"29,5"
QP973004,3497,51
QP973011,5681,"49,5"
QP973014,4104,51
QP973016,8286,"56,5"
QP973017,3689,"51,2"
QP973018,3054,"51,5"
QP973021,9146,"49,3"
QP973023,2959,"47,5"
QP973027,4730,"63,5"
QP973028,3111,"55,1"
QP973029,4711,"60,4"
QP973030,9155,"69,7"
QP973031,3740,"55,6"
QP973032,5815,"64,1"
