CODGEO;POP_MUN;TX_F;TX_TOT_0A24;TX_F_0A24;TX_TOT_60ETPLUS;TX_F_60ETPLUS;IND_JEUNE;TX_TOT_MEN1;TX_TOT_MEN6;TX_TOT_ET;TX_F_ET;A;PERCOU;AM;AI;ACSSENF;ACAVENF;AC3ENF;A_NETUD_24;A_ETUD;ENF;ENF_2;ENF_3_5;ENF_6_10;ENF_11_14;ENF_15_17;ENF_18_24;NOTE_CNAF
200000172;25941;;;;;;;;;;;;;;;;;;;;;;;;;;;2
200000321;91275;51,1;33,9;32;20;21,6;1,4;26,3;2,6;10,6;10,7;16162;51061;2768;3909;515;8970;2766;746;100;25387;3927;3961;7015;5371;3232;1881;0
200000545;18510;52,7;28,9;27,8;30,2;32,9;0,8;39,7;2;8,9;8,9;3875;9967;773;1507;259;1336;484;282;14;4500;654;687;1280;930;592;357;0
200000628;24207;50,8;29,3;27,7;27,2;29,1;0,9;30,1;2,6;7,4;7,8;4524;12006;726;1688;238;1872;533;345;7;5372;806;874;1527;1068;704;393;0
200000776;134672;51;35,6;34,1;16,7;17,5;1,8;30;4,2;21,7;20,7;31241;87205;5593;10606;1540;13502;4779;1613;401;40816;7436;6873;10785;7508;4744;3470;0
200006385;94165;50,9;35,3;34,6;16,7;18,2;1,7;32,2;4,2;26,7;24,9;22579;61548;4076;7807;1283;9413;3225;1108;274;28228;4990;4704;7332;5158;3400;2644;0
200006385200023430;497935;51,2;34;32,7;17;18,3;1,6;35,7;3,8;23,1;21,6;122650;316069;22254;48538;6769;45089;15087;5659;3111;141271;24327;22870;37121;26453;17029;13471;0
20000638593007;146962;51;36,2;35,4;16,5;17,8;1,8;30,3;4,9;26,8;25,2;34685;96993;6449;11398;1974;14864;5388;1652;339;45384;7845;7511;11940;8362;5478;4248;0
200006682;52403;51,2;27,2;25,1;28;31,1;0,8;34,9;1,2;4;4;7901;20260;;;;3290;766;;;8714;;1270;2374;1982;1215;;0
200006971;18292;;;;;;;;;;;;;;;;;;;;;;;;;;;2
200010650;51911;52,4;29,1;27,6;27,9;30,5;0,9;37,3;1,3;4,8;4,7;9941;24980;1664;4058;516;3703;992;751;;10843;1422;1674;2957;2388;1574;828;0
200011773;86455;51,2;30,2;28,7;19,2;21,3;1,3;41,3;1,4;17,5;17,6;12733;31876;2196;5156;680;4701;1349;799;410;13741;2537;2282;3701;2639;1626;956;0
200017341;14468;51,8;26,6;25,1;30,7;32;0,8;35,3;1,3;6,2;6;3345;7470;591;1595;186;973;242;190;9;2968;388;423;808;625;463;261;0
200017846;53280;51,1;33;32,4;20,6;21,9;1,3;29,6;2,7;9,5;8,7;9415;27612;1652;2860;338;4565;1474;582;105;13318;1981;2001;3665;2713;1859;1099;0
200018059;220055;51,6;33,3;31,5;17,5;19,2;1,5;35,6;2,5;12,9;12,8;42016;113154;6645;15768;1488;18115;5196;2123;2537;51469;8324;8123;13980;10244;6474;4324;0
200018406;32337;52,1;26,4;25,5;32,2;34,2;0,7;34,7;1,4;5,8;5,4;5860;14868;;2304;;2311;575;;;6383;;963;1736;1373;945;;0
200018653;103801;55,7;34,3;30,8;20,7;22,1;1,4;37,4;1,6;6,6;7,3;;;;;;;;;;;;;;;;;0
200022523;60406;51,2;35,8;34,4;16,9;18;1,7;23,3;3,6;13,6;13,2;10279;31131;1993;2676;341;5269;1565;605;50;15233;2240;2295;4285;3116;2008;1289;0
200023125;45343;51;32,8;31,3;20,4;21,7;1,3;23,6;2,1;9,5;8,8;6887;20848;1367;1727;192;3601;882;365;39;10167;1353;1478;2768;2239;1469;860;0
200023240;26397;52,4;30,7;29,3;25;27,1;1;33,7;2,2;9,5;9,4;4811;12986;;1673;;1959;572;284;;5980;837;915;1588;1262;838;540;0
200023281;266518;51,3;30,5;29,1;24,2;26,1;1;35,3;2,5;11,6;11,4;53086;135292;8558;21984;2903;19641;6522;3745;;59574;9123;9362;16142;12220;7876;4851;0
200023307;48422;52,2;26,4;24,5;33,1;35,7;0,7;36,2;1,4;5,9;5,4;8963;21433;1517;3921;511;3014;768;702;120;8954;1293;1345;2374;1947;1277;718;0
200023414;488906;52,5;32,5;30,6;23,7;26,4;1;41,1;1,5;5,6;5,2;119451;265010;18823;59803;6858;33967;9151;10484;14649;104876;16594;16317;28185;20807;13839;9134;0
200023430;403770;51,2;33,7;32,3;17,1;18,4;1,6;36,5;3,7;22,3;20,8;100071;254521;18178;40731;5486;35676;11862;4551;2837;113043;19337;18166;29789;21295;13629;10827;0
200023430249300088;817891;50,3;35,2;34,4;15,5;16,6;1,8;34,8;4,6;26,8;24,7;213081;535525;38753;89657;12182;72489;26029;10322;7180;237139;40413;38259;61810;44569;28806;23282;0
20002343093007;456567;51,2;34,2;32,8;16,9;18,2;1,7;35,5;4;22,9;21,4;112177;289966;20551;44322;6177;41127;14025;5095;2902;130199;22192;20973;34397;24499;15707;12431;0
20002343093077;432935;51,3;33,6;32,3;17,2;18,6;1,6;36,3;3,6;21,8;20,2;105865;270496;19279;42643;5730;38213;12576;4851;2906;120424;20641;19338;31765;22694;14528;11458;0
200023448;119408;50,7;37,8;36,6;17;17,7;1,8;24,3;6,9;18,7;17,8;26018;77135;5156;7887;1330;11645;4909;1220;139;38061;6104;6115;10187;7409;4744;3502;0
20002344893005;202042;50,7;37,7;36,7;17,3;18;1,8;24,3;7;20,1;19,1;44080;128883;8603;13886;2340;19251;8031;2027;243;63069;10007;9938;16668;12379;8028;6049;0
200023562;13340;51,4;31,6;30,2;26,3;28,5;1;35,6;2,6;12,1;12,3;2649;6961;485;1024;155;985;372;193;;3158;411;459;922;689;422;255;0
200023737;40898;52,9;25,2;23,3;32,6;34,8;0,6;39,1;0,8;5;4,6;8434;18601;1424;4088;471;2451;533;758;409;7270;1013;1072;1968;1563;1103;551;0
200026573;22055;;;;;;;;;;;;;;;;;;;;;;;;;;;2
200027068;70354;52,4;28,9;26,8;27;29,3;0,9;35,3;1,5;4,8;4,4;14138;34337;2657;5805;776;4900;1163;1100;194;14607;1990;2071;4026;3175;2116;1229;0
200027183;261925;52,8;28,5;26,3;29,6;32,1;0,8;38,5;1,4;6,8;6,5;64226;139497;13002;31629;3514;16081;3939;4764;2384;55528;7807;8359;14758;11294;7962;5348;0
200027548;30921;50,2;49,2;48,3;7,8;7,7;5,5;22;14,5;37,2;38,7;;;;;;;;;;;;;;;;;0
200030195;536327;52,9;27,1;25,2;29,7;32,5;0,7;41,3;1,3;11,1;10,3;113264;253443;19549;54725;5461;33529;7653;6742;9806;101165;16825;15667;26777;19991;13123;8782;0
200030385;104620;51,8;29,6;27,7;27,1;29,4;0,9;38,3;1,7;7,8;7,2;20581;51031;3277;8878;1056;7370;2084;1789;1433;22071;3187;3370;6121;4792;2995;1606;0
200030583;48854;50,8;29,2;27,3;23,6;25,8;1;31,7;1,4;4,8;5,2;8173;21259;1415;3042;373;3343;796;696;154;9373;1422;1357;2492;1997;1324;781;0
200030633;65559;51,1;31,9;30,2;24,3;27,1;1,1;29,7;2,5;1,2;1;13040;34614;2214;4619;988;5219;1507;857;38;15426;2110;2317;4120;3255;2225;1399;0
200030674;59779;51,5;26,4;24,7;32,4;34,6;0,7;34,6;1,4;7,2;6,7;9842;24005;1702;4063;605;3472;841;766;118;10113;1378;1476;2749;2178;1511;821;0
200033025;36187;51,8;26;23,7;30,7;33,9;0,7;39,7;1,1;3;2,8;6773;14894;1040;3367;437;1929;484;568;119;5816;747;824;1482;1256;950;557;0
200033090;113032;50,5;35,1;34;16,1;17,3;1,8;24,2;3,1;8,1;7,9;19198;60867;3453;4386;511;10848;3175;1083;72;30294;4549;4611;8577;6393;3870;2294;0
200033116;44810;49,8;31,7;30,5;20;22,2;1,3;32;2,1;12,5;12,1;7472;21908;1162;2222;296;3792;1126;499;54;10361;1581;1574;2941;2210;1371;684;0
200033124;40236;53,2;28,8;26,8;29,4;32,6;0,8;39,1;1,3;2,1;2;8313;19102;1383;3900;443;2587;642;759;299;7765;1046;1140;2071;1657;1198;653;0
200033157;236282;;;;;;;;;;;;;;;;;;;;;;;;;;;2
200033181;121684;52,1;29,7;27,9;25,6;27,8;1;35,6;1,8;5,8;5,5;22306;58870;3840;8472;939;9055;2547;1828;;26590;4017;4027;7173;5703;3726;1944;0
200033199;21034;50,3;36,6;34,9;17,1;17,9;1,8;26,9;4,8;12,3;12,5;4532;13741;751;1398;179;2204;863;240;23;6820;1037;1099;1830;1352;895;607;0
200033207;32691;52,9;25,9;24,6;34,2;37;0,6;39,6;1,5;8,5;7,7;6698;15114;1180;3197;485;1836;555;587;;6135;906;940;1628;1289;857;515;0
200033371;156234;50,9;32,8;31,6;18,5;20,3;1,4;31,7;2,3;11,1;10,8;28695;82861;5060;8818;918;13899;3830;1819;1133;39329;6561;6343;10891;7777;4866;2891;0
200033413;191777;50,9;33,1;32;17,7;19,2;1,5;36,3;3,1;21,9;20,9;45909;113777;7958;19738;2241;15972;5102;2572;3340;49530;8674;8094;13082;9242;6035;4403;0
200033579;102649;52,1;30,7;28,9;24,2;27;1;37,3;1,5;2,7;2,3;22046;52531;3643;9727;1355;7321;1828;1782;;21866;3145;3206;5748;4644;3154;1969;0
200033686;219130;52,6;34,7;32,9;22;24,6;1,1;46,3;1,5;7,3;7,1;58411;120712;8766;32364;3558;13723;3897;5883;10848;45036;7203;7291;11968;8744;5819;4011;0
200034361;78432;52,2;29,2;27,3;26,7;29,4;0,9;39,6;1,3;3,3;3,3;16606;37877;2850;7873;947;4936;1298;1414;758;15408;2113;2264;4067;3264;2295;1405;0
200034379;26844;52;24,2;22,2;34,8;36,2;0,6;32,2;0,9;6,2;6,2;4546;10865;829;1893;247;1577;309;232;;4504;526;589;1203;1046;739;401;0
200034692;68583;50,9;27,5;26,2;28;30;0,8;32,7;1,6;5,8;5,1;12762;32187;2323;5083;578;4778;1252;884;;14068;2121;2113;3840;2998;1936;1060;0
200034700;62192;51,8;26,7;24,9;30,6;32,7;0,7;35,6;1,3;5,5;5,3;11520;28422;2203;4613;522;4182;936;814;;12207;1758;1777;3298;2647;1772;955;0
200034718;25650;51,8;27,7;26,1;28,7;30,8;0,8;35,5;1,8;3,4;3,3;4701;11053;756;2115;340;1490;448;291;13;4535;635;667;1198;976;712;347;0
200034817;56222;53;24,5;22,7;35,2;37,2;0,6;37,9;1,3;4,2;3,9;10750;24354;1907;5032;609;3202;829;832;;9843;1306;1383;2677;2166;1491;820;0
200034825;28317;52,1;24,9;23,1;31,5;34,4;0,6;40,7;0,8;2,7;2,6;5544;12025;824;2815;309;1596;319;583;;4603;705;680;1267;948;687;316;0
200034841;12870;50,9;28,8;26,9;29,6;32,2;0,8;33;2,3;6,3;5,8;1959;5721;319;566;106;968;275;107;;2685;401;384;714;596;403;187;0
200034916;22686;52,6;26,2;23,4;32,8;35,7;0,7;44,3;1;6;5,6;4907;10270;862;2631;215;1199;310;366;343;3962;494;549;1079;868;635;337;0
200035087;57602;51,6;28,2;26,6;26,1;28;0,9;29,6;1,2;5,1;4,6;9733;26271;1810;3196;378;4349;941;650;38;11795;1755;1824;3339;2435;1591;851;0
200035129;19549;51,6;21,7;19,9;39,4;41,8;0,5;37,2;0,9;4,2;4,2;3858;8304;622;1941;266;1029;236;193;8;3153;394;460;855;681;469;294;0
200035152;99378;52,7;27,1;25;31,4;33,7;0,7;37,6;1,3;5;4,8;23031;50779;4211;11192;1284;6344;1531;1516;687;20128;2718;2894;5354;4224;3059;1879;0
200035319;109278;53;23,4;21,6;37;39,3;0,5;36,2;1,1;6,5;6;19818;47937;3679;8125;994;7020;1506;1221;146;20078;3016;3047;5562;4215;2724;1514;0
200035459;93363;52,6;28,6;26,8;27,1;29,5;0,8;40,2;1,3;5,1;5;19498;44808;3346;9106;958;6088;1464;1955;;18276;2749;2800;4949;3901;2544;1333;0
200035590;37047;51,4;31,9;30,3;22,4;24,1;1,2;29,3;2,1;5,3;5,5;6546;18428;1260;2061;261;2964;832;424;56;8683;1280;1285;2375;1833;1205;705;0
200035665;67803;51,3;32,8;31,3;21,3;23,6;1,3;29,6;2,4;5;4,5;13319;36566;2497;4412;676;5734;1609;946;;16849;2485;2565;4661;3481;2287;1370;0
200035715;105036;52,5;27,4;25,6;30,3;32,2;0,8;36,2;1,2;6,6;6,3;22621;51791;4217;10337;1382;6685;1612;1651;;21156;2933;3127;5809;4452;3000;1835;0
200035731;100580;52,7;27;25,2;32,2;35,2;0,7;38,9;1,1;4,5;4,1;19608;47024;2917;8904;955;6832;1818;1598;918;19644;2747;3086;5357;4141;2794;1519;0
200035749;87691;51,5;35,8;34,7;16,6;17,2;1,7;29,5;3,4;13,1;13,2;17835;47756;3325;6733;641;7136;2238;1060;1755;22071;3576;3513;6013;4390;2720;1859;0
200035814;35718;51,1;27,9;26;30,2;33;0,8;37,3;1,4;3,6;3,4;6537;16398;944;2758;321;2514;701;587;106;7021;975;937;1928;1565;1085;531;0
200035863;32148;51,1;26,7;25,1;31,9;33,6;0,7;31,4;1,2;6,1;6,3;5845;14282;1110;2301;423;2011;;400;;6039;820;880;1648;1340;861;490;0
200035954;16779;51,6;26,2;24,5;28,8;31,5;0,8;39,2;1;3,5;3,2;2754;6756;418;1162;153;1021;260;225;;2842;354;429;816;632;418;193;0
200036093;87265;51;36,3;34,9;16,6;17,7;1,8;25,3;5,1;13,5;13,4;16146;51089;2944;3957;584;8661;3185;968;83;25677;3871;3852;7084;5311;3337;2222;0
200036135;19316;52,4;22,8;21,5;37,3;40,3;0,5;40,9;1,1;1,8;1,6;3583;7768;512;1837;229;1005;248;305;70;2986;400;399;775;672;480;260;0
200036168;21491;52,3;28;26,8;30,2;32,3;0,8;36,9;1,8;4,4;4;3909;9522;692;1682;207;1328;380;273;;4087;523;580;1139;926;614;305;0
200036465;37972;51,2;28;27;25,8;27,7;0,9;31,1;1,6;5,9;5,5;6220;16499;979;2273;289;2679;702;417;21;7345;1023;1032;2065;1635;1031;559;0
200036473;59468;52,8;25;22,7;32,5;35,1;0,7;37,7;0,8;1,9;1,8;10686;24925;1869;4727;579;3511;720;842;137;10176;1327;1410;2833;2232;1579;795;0
200036549;17648;51,5;27,2;25,2;31,7;34,9;0,7;36,2;1,3;4,1;3,6;3106;7434;485;1366;212;1043;269;250;;3085;393;426;789;713;499;265;0
200037133;34483;51,3;31,8;30,5;23,9;25,7;1,1;30,7;2,8;7;7,1;5969;16966;1093;1888;283;2705;852;348;76;8003;1135;1159;2141;1744;1153;671;0
200038933;39982;51,6;26,7;25,4;29,5;31,4;0,8;36;1;3,9;3,9;7675;18643;1159;3361;406;2749;677;552;;7860;1027;1154;2148;1792;1167;572;0
200039857;101616;51,2;27,9;26;26,7;28,8;0,9;31,2;1,3;7,4;7;17173;45999;3273;5713;679;7508;1540;964;103;20643;3014;2897;5688;4520;2981;1543;0
200039865;221810;51,4;30,4;28,5;24,1;26,6;0,9;41,5;1,4;8;7,3;51549;109617;7032;27632;2883;14002;3644;4267;6307;41157;6627;6458;10730;8238;5504;3600;0
200039915;159192;53,7;23,4;21,1;34,3;37,6;0,6;44,8;0,7;9,3;8,9;30270;68247;5903;13891;1336;9140;1899;1706;646;27476;4456;4070;7495;5483;3705;2267;0
200039956;25791;51,3;28;25,4;26,8;30,3;0,8;35,4;1,4;4,1;4,2;4436;10903;699;1809;273;1655;367;355;50;4558;675;682;1181;954;676;390;0
200040004;41625;52,3;28,7;26,1;28,5;31,3;0,8;41,1;1;4,6;4,2;8493;19206;1467;4035;391;2600;611;758;310;7743;1102;1094;2069;1641;1191;646;0
200040244;72828;50,2;29,5;28,6;27,4;29,1;0,9;29,2;1,4;4,3;4;11287;31438;1402;3910;614;5361;1496;958;111;14208;2131;2196;4077;3042;1943;819;0
200040277;112247;51,3;32,4;31;22,9;24,4;1,2;28,5;2,8;6,8;6,7;20644;59915;3487;6469;922;9766;3242;1187;;28555;4221;4312;7940;6023;3900;2159;0
200040285;31179;51,5;24,1;22;34,8;37,7;0,6;39;1,1;5,2;5,1;4767;11543;706;2043;316;1702;430;331;;4774;621;714;1302;1026;744;367;0
200040350;28694;;;;;;;;;;;;;;;;;;;;;;;;;;;2
200040392;92200;;;;;;;;;;;;;;;;;;;;;;;;;;;2
200040442;46635;51,5;27,6;26;29;30,6;0,8;34;1,6;8,5;8,1;8616;21387;1468;3487;457;3204;844;607;;9111;1411;1446;2486;1914;1170;684;0
200040459;61847;51,6;29,8;27,5;25,6;28;1;35;1,6;5,7;5,6;12479;32191;2190;4797;611;4881;1346;956;174;14234;2006;2239;3844;3057;2072;1016;0
200040483;212632;51,7;30;28,1;26,8;29,2;0,9;36,6;1,7;5,5;5,2;44989;111577;6973;19134;2319;16563;4586;3597;;47636;6936;7229;12995;10072;6664;3740;0
200040491;45748;50,9;31;29,4;25,7;27,7;1;30,8;2,2;3,8;3,6;7778;22732;1178;2353;358;3889;1179;560;37;10715;1397;1599;2958;2490;1514;757;0
200040541;34437;;;;;;;;;;;;;;;;;;;;;;;;;;;2
200040566;50454;50,9;29,5;27,7;28,2;30,9;0,9;34,8;2,1;3,7;3,7;9192;24710;1297;3529;444;3922;1233;592;29;11167;1514;1673;3099;2447;1632;802;0
200040590;78423;;;;;;;;;;;;;;;;;;;;;;;;;;;2
200040624;30421;51,9;24,8;23,3;33,5;35,3;0,6;35,1;1,1;7,4;7,2;4707;11630;912;1890;238;1667;409;237;12;5014;682;701;1411;1110;730;380;0
200040673;92659;51,5;32,1;30,2;20;22;1,3;32,4;2,2;12,1;12,1;17692;50278;3339;5529;662;8162;2316;980;213;23718;4029;3882;6643;4573;2816;1775;0
200040681;22783;51,3;25,4;23,5;33,2;35;0,7;32,4;1,6;5,9;5,6;3648;9095;603;1477;204;1364;350;221;9;3883;504;594;1072;848;564;301;0
200040715;442772;51,3;33,4;31,8;22,6;25,3;1,1;41,5;1,3;9,1;8,8;106971;235793;13337;56279;5313;32042;8473;8907;21973;91523;14730;14522;24696;18542;11942;7091;0
200040764;19829;50,6;26,9;25;25,4;26,7;0,9;32,8;1,1;14,9;13,9;3619;9861;698;1071;194;1656;354;139;;4393;727;656;1212;904;604;290;0
200040905;29640;51,9;23,2;21,4;36,3;38,9;0,5;36,3;0,9;3,8;3,8;5285;12570;;;;;;;;5167;;;;;;;0
200040947;101093;50,9;30,6;28,9;24,2;26,7;1,1;27;1,9;1,1;1;16808;47653;2402;5265;940;8201;2116;1158;91;21783;2915;3333;5920;4659;3194;1762;0
200041226;20678;53,8;22,4;20,3;34,2;38,6;0,5;43,8;0,9;9;9;4383;8896;632;2403;260;1088;237;274;24;3185;424;435;868;698;514;246;0
200041317;118277;52,1;28,2;26,4;26,9;29,3;0,9;37,8;0,8;3,3;3;23154;55752;3806;9997;1144;8207;1677;2374;785;23297;3190;3332;6363;5328;3395;1689;0
200041515;40299;50,8;29,9;28,4;24,4;26,5;1;30,3;1,9;5;4,7;7028;19235;1169;2363;327;3169;815;513;47;8705;1311;1339;2380;1874;1126;675;0
200041630;127859;;;;;;;;;;;;;;;;;;;;;;;;;;;2
200041762;63528;51,8;26,8;24,2;30,7;33,7;0,7;37,9;0,8;2,1;2,1;12476;29545;2176;5426;635;4239;937;938;158;12222;1532;1649;3399;2754;1879;1009;0
200041788;104877;53;28,3;26;27,4;28,1;0,9;33,7;2,2;1,1;1,1;;;;;;;;;;;;;;;;;0
200041960;92488;50,9;31,3;29,5;22,3;24,4;1,2;23,5;1,6;1,4;1,4;14667;44356;2059;3892;497;8219;1942;827;199;20978;2816;3081;5587;4633;3107;1754;0
200041960246200299;216787;51,7;32,4;30,4;22,2;24,8;1,2;27,2;2,3;2,1;2,1;43004;118659;6660;14253;2723;19368;5307;2783;260;53578;7646;8055;14314;11242;7530;4791;0
200042141;35518;52,5;27,1;25,2;30,4;33,2;0,7;40,6;1,1;4,5;4,2;7965;17655;1308;3907;517;2233;609;599;309;6946;864;956;1888;1557;1043;638;0
200042174;201024;51,9;27,2;25,1;30,1;33,5;0,7;41,4;1;2,8;2,5;40760;94937;6171;19192;1805;13592;3309;3220;2234;38865;5313;5557;10484;8461;5780;3270;0
200042190;158170;51,7;33,2;31,1;22,3;25,2;1,2;28,4;2,9;3,3;3,2;34596;91353;5861;12485;2555;13695;4087;2222;;40613;5831;6291;10655;8244;5751;3841;0
200042190245901160;348629;51,8;33,3;31,3;22,4;25,4;1,2;32,4;2,7;4;3,7;81820;202299;13460;34079;5969;28312;8534;5956;;86354;12582;13461;22761;17340;12035;8175;0
200042349;37230;50,1;31,1;30,3;23,6;25,7;1,1;31,3;1,9;3,6;3,7;6937;18238;1180;2547;361;2849;752;553;;8085;1152;1192;2115;1724;1196;706;0
200042513;23487;;;;;;;;;;;;;;;;;;;;;;;;;;;2
200042646;20765;51,6;22,2;20,2;38,2;40,8;0,5;40,8;0,9;4,8;4,8;3892;8113;628;2020;266;978;209;264;15;3014;414;405;801;682;471;241;0
200042695;28934;;;;;;;;;;;;;;;;;;;;;;;;;;;2
200042901;40791;51;29,7;28,4;24,6;26,1;1;30;1,7;4,9;4,8;7294;20429;1192;2384;301;3417;907;470;34;9422;1442;1539;2573;1955;1281;632;0
200042935;57173;50,5;31,5;30,2;23;24,5;1,2;31,3;2,4;16;15,3;10293;29195;1415;3376;664;4838;1637;683;110;13393;1804;1932;3718;3017;1948;974;0
200042984;44241;;;;;;;;;;;;;;;;;;;;;;;;;;;2
200043008;71280;51,1;30,4;28,1;24,6;27,6;1;38,8;1,6;4,1;4;14052;33754;2448;6206;710;4688;1254;1275;;14318;2187;2261;3874;2951;1985;1060;0
200043065;28210;50,8;28,7;26,6;28,8;31,4;0,9;32,3;1,2;2,9;3;4669;12633;730;1595;227;2117;499;401;50;5622;783;801;1543;1249;827;419;0
200043123;84426;52,1;26;24,2;31,8;34,5;0,7;35,8;0,9;1,4;1,4;14274;37630;2089;5289;589;6307;1438;869;168;16511;2134;2233;4735;3710;2487;1212;0
200043156;29445;51,1;29,8;28,7;25,2;27,2;1;29,6;1,4;0,8;0,8;4911;13902;726;1498;258;2429;574;341;15;6308;919;992;1754;1315;891;437;0
200043172;106694;52;26,6;24,5;31;34;0,7;37,2;1;4;3,8;18886;46262;3045;7871;998;6972;1559;1648;752;19438;2733;2734;5406;4244;2928;1393;0
200043255;47336;52,4;27;25,1;30,5;33,1;0,8;36,5;1,1;1,9;1,9;8662;22226;1347;3454;358;3503;863;629;134;9730;1249;1329;2750;2158;1496;748;0
200043321;48374;50,8;29,6;28;24,9;27,2;1;27,2;1,7;3,5;3,3;8055;22343;1179;2616;439;3821;889;447;34;10024;1324;1492;2640;2225;1488;855;0
200043370;67701;;;;;;;;;;;;;;;;;;;;;;;;;;;2
200043396;126129;51,6;32,7;30,7;24;26,7;1,1;33,4;3,1;7,1;6,6;28375;70160;;11821;;9156;;;;30530;;4710;7971;6166;4183;;0
200043404;26452;52,1;32,2;30,8;25,9;28,7;1;35,3;3;2,9;2,4;5825;14060;1198;2473;465;1689;547;394;20;6136;738;906;1650;1291;896;655;0
200043487;24169;51,9;23,6;22,2;35,4;37,6;0,6;33,8;0,8;7,3;7;4477;9773;793;2117;306;1261;242;292;;3760;479;530;1016;848;570;317;0
200043495;42924;;;;;;;;;;;;;;;;;;;;;;;;;;;2
200043602;54126;52,7;22,7;20,8;39;41,3;0,5;36,3;1;5,5;5,5;10070;22740;1965;4578;494;3033;597;623;74;9149;1210;1267;2495;2038;1340;799;0
200043917;35428;51,5;28,1;26,9;29,1;31,5;0,8;35,7;1,2;4,3;4,1;7237;18301;1125;2978;366;2768;770;565;;7947;1055;1104;2095;1812;1252;629;0
200044022;76413;52,1;30,4;28,7;25,1;28,1;1;34,6;1,8;2,1;2;15568;38007;2487;6520;1057;5504;1388;1119;;15963;2133;2308;4194;3434;2356;1538;0
200044055;225555;51,8;31,8;29,7;23,4;26,6;1,1;30,5;2,2;0,8;0,7;48046;124080;7542;18075;3557;18872;5108;3475;870;53560;7139;8002;14211;11165;7937;5106;0
200044055246200364;467200;52;32,3;30,3;23,1;26,3;1,2;31;2,4;1,7;1,5;104688;267654;16670;39961;8402;39655;11250;7585;1516;114828;15932;17408;30375;23533;16389;11191;0
200044055246200802;260534;51,8;31,6;29,6;23,6;26,7;1,1;30;2,2;0,8;0,7;54057;140545;8464;20082;3907;21604;5772;3871;904;60927;8114;9012;16318;12784;9002;5697;0
200044170;44787;51,6;28;26;28,3;31,6;0,8;36,1;1,7;3,7;3,7;8640;20545;1382;3810;609;2839;804;613;;8545;1196;1324;2312;1773;1193;747;0
200044550;59052;52,1;32,9;31,3;20;22,1;1,4;28,1;2,7;9,9;9,6;9995;30312;1700;2751;293;5251;1510;518;61;14746;2264;2301;4110;3010;1883;1178;0
200044618;150798;51,7;31,7;29,6;24,1;27,2;1,1;32;2,4;3;2,7;33679;83754;5597;13793;2432;11857;3519;2318;1064;35913;5220;5406;9516;7314;5130;3327;0
200044691;58424;53,1;30,6;27,9;25,2;26,3;1;34,1;2,1;4;4,4;;;;;;;;;;;;;;;;;0
200044733;67841;50,2;34,6;33,5;19,9;20,6;1,4;27,9;4,5;15,9;14,7;13256;39322;2245;4176;510;6325;2394;737;163;19213;3109;3118;5288;3818;2428;1452;0
200046977;1336994;52,2;34,1;32,8;20,9;23,1;1,2;41,3;2,1;10;9,7;338347;790203;43877;166615;16955;110900;34260;28649;53378;323692;55178;53706;86164;62546;40015;26083;0
200048775;76276;51,4;24,6;22,4;35,9;39;0,6;39,4;0,8;1,8;1,8;12496;30799;1752;5462;567;4715;1220;855;644;13063;1546;1716;3526;3137;2027;1111;0
200049187;28469;51,7;29,9;28;26,7;29,6;0,9;41,5;1,4;3,4;3,2;6135;13443;1060;3073;340;1662;437;580;208;5318;796;821;1366;1104;753;478;0
240100610;24072;49,4;34,9;33,3;18,2;20;1,6;24,9;2,5;4,8;4,6;3889;12460;573;826;133;2357;626;268;7;6070;911;986;1742;1294;757;380;0
240100628;72415;52;30,3;28,3;27;29,9;0,9;41,2;1,7;6,8;6,4;15112;36752;2307;6764;796;5245;1652;1393;958;15632;2317;2349;4148;3249;2267;1302;0
240100750;85567;50,7;31,6;30,7;15,9;16,9;1,7;32,5;1,3;26,8;26,7;7734;22379;1276;2223;283;3952;940;345;73;10394;2065;1832;2828;1978;1167;524;0
240100883;65771;50,7;31,7;30,5;21,3;23;1,3;29,9;1,5;3,8;3,8;11584;35006;1902;2893;426;6363;1553;698;;16630;2474;2635;4640;3543;2222;1116;0
240200261;72463;53;31,1;28,6;26,8;29,9;0,9;39,9;1,7;4,6;4,3;17132;39012;3142;7959;1263;4768;1434;1552;;15891;2186;2343;4213;3224;2298;1627;0
240200428;15137;51,7;30,5;28,8;26,2;28,8;1;32,2;2,3;1,6;1,5;3001;7899;530;1050;236;1185;335;202;7;3497;496;560;922;710;504;305;0
240200477;52112;52,5;30,1;28,3;27,6;30,2;0,9;37,8;2,2;7,2;6,7;11265;26643;1929;5056;791;3489;1095;816;433;11095;1578;1612;3024;2270;1583;1028;0
240200600;22077;51,5;30,4;29;27,6;30,6;0,9;34,7;2,4;1,5;1,2;4386;10785;721;1806;362;1497;459;317;18;4581;612;683;1181;983;673;449;0
240200618;31346;51,5;30;28,8;25,8;27,5;1;34,1;2;5,9;5,6;6145;16302;1181;2204;311;2449;726;467;24;7404;1131;1116;2029;1511;1045;572;0
240200683;39315;51,9;30,4;28,6;26,2;28,5;1;33,8;1,9;2,5;2,3;8108;20394;1404;3162;595;2947;822;593;91;8765;1227;1332;2228;1893;1279;806;0
240200691;15619;49,8;31,1;29,8;22,2;23,9;1,2;30,8;2,6;5,2;5,1;2816;7476;477;1039;139;1161;334;202;13;3353;471;518;879;692;483;310;0
240300426;76955;54;24,9;22,8;34,8;37,8;0,6;43,8;0,8;3,8;3,5;16285;34569;2501;8511;909;4364;975;1337;1175;13067;1905;1939;3459;2803;1881;1080;0
240300608;59781;52,7;25,7;22,8;34,3;38,4;0,6;45,7;0,9;4,3;3,9;12693;27025;2152;6547;749;3245;761;1223;;10362;1481;1508;2776;2136;1562;899;0
240300616;54226;52,4;26,8;24,9;30,3;33,4;0,7;42,3;1,1;3,2;2,9;10648;24058;1646;5123;650;3229;782;1040;;9591;1406;1411;2521;2081;1432;740;0
240600585;176687;52,1;26,3;24,3;29,4;32,1;0,7;37,6;0,9;9,8;9,4;32096;78216;5524;13350;1225;11997;2318;1873;2492;32900;5180;4776;9111;6880;4435;2518;0
240600593;26182;51,3;27,5;26,1;28,6;30,6;0,8;27,3;1,9;3,7;3,6;4064;10722;796;1461;135;1672;363;212;18;4855;687;723;1290;1073;674;408;0
240700310;27250;52,5;25,4;23,7;34;37,4;0,6;42,2;1;4,2;3,8;6221;13275;1022;3162;370;1667;385;525;102;5038;688;742;1315;1128;744;421;0
240700708;11089;51,5;30;28,4;27;29,3;0,9;35,1;1,9;7,3;7;2280;5796;441;880;141;818;239;140;;2552;356;369;694;559;373;201;0
240900324;11813;52,4;23,5;21,2;36,2;38,9;0,5;41,7;0,7;5;4,6;2379;4959;419;1261;105;594;117;177;25;1880;231;258;507;428;287;169;0
240900381;20897;51,9;25,1;24,1;31,6;33,6;0,7;39,5;1;6,5;6,3;4478;9634;716;2257;253;1252;277;312;;3681;503;551;996;798;557;276;0
240900407;28105;50,5;29,5;27;27,2;29,6;0,9;37,9;1,2;4,8;4,7;6224;14444;1198;2740;376;1910;440;501;105;5957;858;844;1644;1270;847;494;0
241000397;130588;52,8;32,2;29,6;25,5;28,6;1;45,1;1,7;8,3;8;34234;71870;6058;18338;2018;7820;2317;3164;3752;27872;4256;4229;7463;5674;3798;2452;0
241100593;125323;52,3;26;24,4;32,4;34,3;0,7;37;1;4,4;4,3;28146;62326;;13297;;7853;;;;24694;3394;;6774;5219;3646;;0
241200187;57904;;;;;;;;;;;;;;;;;;;;;;;;;;;2
241200633;17883;52;24,9;22,9;35,6;38,2;0,6;38,1;1;5,3;4,9;3063;7150;444;1402;186;1031;220;284;;2895;388;458;831;643;399;176;0
241300177;98030;51,3;30,4;29,2;24;25,3;1;30,5;1,7;6;5,8;19159;50443;4083;6714;806;7556;1912;1403;66;22883;3382;3408;6379;4723;3109;1882;0
241300201;142818;50,9;29,7;27,9;24,1;26,1;1;29,1;1,4;4,4;4,1;26833;71972;4946;9115;1044;11728;2511;1741;232;32356;4790;4954;9012;6781;4418;2401;0
241300268;103504;51,9;28,5;26,8;26,4;28,5;0,9;28,2;1,4;2,9;2,6;19249;50137;3726;6907;680;7936;1560;1141;165;22275;3172;3263;6249;4798;3062;1731;0
241300268241300391;1153339;52,4;30,3;28,4;25,2;27,4;1;38,6;1,9;8;7,4;277998;642300;52176;129955;13432;82435;21365;17245;16540;267816;43222;41555;70221;52560;34388;25870;0
241300276;383919;52,1;30,2;28,7;25,3;27,3;0,9;35,6;1,2;4,3;4,4;79050;185836;12197;36515;2978;27360;5655;5860;11577;76412;11452;11547;20684;16039;10659;6031;0
241300391;1049835;52,5;30,5;28,6;25,1;27,3;1;39,5;2;8,5;7,9;258749;592163;48450;123048;12752;74499;19805;16104;16375;245541;40050;38292;63972;47762;31326;24139;0
241300409;70982;51,6;27,9;26,1;28,4;30,2;0,8;34,1;1,2;6,1;5,3;15595;37665;3074;6484;874;5163;1288;975;87;15973;2512;2466;4327;3184;2089;1395;0
241300417;83561;52,2;28,1;26,3;29,7;31,5;0,8;36;1,9;8,3;7,7;17817;42810;3386;7652;921;5858;1598;1147;508;18195;2710;2675;4859;3781;2568;1602;0
241400886;17204;52,3;28;26,9;28,2;30,8;0,8;33,7;1,4;2,1;2;3070;7785;528;1180;159;1203;291;227;;3350;435;421;890;770;553;281;0
241500230;53551;52,5;25,5;24,1;30,7;33,4;0,7;39,6;0,4;2;1,9;10599;23173;1319;5414;558;3308;585;1075;649;8742;1182;1286;2402;1925;1335;612;0
241600253;106143;52,7;28,4;26,2;28,4;31,4;0,8;42,4;1,2;4,9;4,6;25496;54074;4451;13296;1502;6247;1569;2498;1853;20853;3030;3053;5619;4283;2947;1921;0
241600345;34384;52,3;25,9;23,8;30,3;33,2;0,7;40,3;0,9;2,5;2,4;6276;14187;1163;2926;337;1850;424;623;53;5751;788;822;1549;1264;855;473;0
241700434;164332;53;28,3;26,1;30,3;33,1;0,7;42,6;0,7;3,4;3,2;39683;82436;5853;21511;1908;10411;2155;3708;6204;30472;4328;4412;8174;6436;4500;2622;0
241700640;81036;53,4;18,8;17,3;46,3;48,4;0,3;38;0,5;1,6;1,6;12369;27892;2164;5646;648;3911;690;871;52;11004;1309;1493;2992;2481;1839;890;0
241800507;97862;52,1;28,2;25,9;28,8;31,7;0,8;40,9;1,3;4,8;4,4;21168;47255;3494;10539;1051;6084;1559;2017;1376;18978;2745;2892;5070;3926;2709;1636;0
242000354;56444;53;27,2;24,9;26,9;29;0,8;30;0,8;8,8;7,8;10858;22329;2063;5513;642;2640;459;550;227;8209;1217;1104;2290;1754;1197;647;0
242010056;82326;52,5;25,8;23,9;27,2;29,1;0,8;26,3;1,1;8;7,2;12902;29519;2451;5674;618;4159;751;657;109;11842;1773;1579;3317;2544;1732;897;0
242100410;248028;52,8;32,7;31,4;24,2;26,7;1;46,9;1,2;7,3;6,8;60460;124092;7663;34215;3458;15124;4032;6239;12672;45163;7123;6922;11932;9076;6159;3951;0
242200517;115882;52,8;29,2;27,1;28,6;31,6;0,8;39,7;1;3,6;3,2;23367;55107;3832;10688;1115;7732;1960;2261;1302;22986;3162;3354;6244;4983;3386;1857;0
242500338;26407;51,3;29,6;29;23,7;26,3;1;38,7;1;6,6;6,4;4255;10702;629;1760;192;1674;449;394;85;4596;734;740;1247;981;595;299;0
242500361;178655;52,5;33,6;32;23,8;26,2;1;45,3;1,4;6,7;6,4;45052;95212;5927;25009;2298;11818;3252;4400;8396;36155;5600;5614;9581;7355;4940;3065;0
242503886;116157;51,1;29,7;28,1;27,7;29,8;0,9;36,2;2,5;8,6;8,7;23205;58934;3571;9740;1428;8466;3081;1500;758;25825;3643;3910;7255;5557;3448;2012;0
242600252;29818;50,5;29,6;28,2;25,5;27;1;27,7;1,6;3,1;2,9;4807;13996;771;1377;158;2501;611;329;12;6524;907;979;1888;1436;883;431;0
242700367;20004;;;;;;;;;;;;;;;;;;;;;;;;;;;2
242700573;81447;52,1;32,2;30,1;22,5;24,9;1,2;37,5;2;8;7,5;18290;44797;3628;7719;1031;5912;1797;1467;769;19670;2965;2925;5416;4018;2751;1595;0
242700581;16851;;;;;;;;;;;;;;;;;;;;;;;;;;;2
242700649;57255;51,6;30,4;28,7;24,9;26,9;1;32,2;2,4;6,8;6,3;10270;28600;1776;3454;437;4603;1341;710;;13304;1989;1942;3603;2773;1915;1082;0
242852598;17423;50,9;27,8;27;31,5;34,9;0,7;37,5;1,6;7,3;6,4;3022;7515;530;1292;183;1017;361;280;65;3297;448;456;902;722;523;246;0
242900314;207210;51,2;33,1;30,9;23,2;27,1;1;46,9;1;3,9;3,6;51285;107046;6564;28827;2409;13485;3442;5081;9003;39918;6070;5917;10476;8283;5683;3489;0
242900728;87403;52,5;28,7;27,1;26,4;29,3;0,9;45,4;0,8;2,8;2,6;19497;42442;2870;10030;860;5737;1276;1866;;16420;2290;2289;4496;3453;2533;1359;0
242900769;49514;52,5;23,8;22;34,2;37,8;0,6;39,6;0,7;1,1;1;8431;21042;1304;3449;329;3349;716;512;46;8967;1115;1220;2433;2014;1461;724;0
243000551;13673;52,1;25,2;23,4;34,7;37,5;0,6;39,1;2;6,7;6,8;2982;6441;520;1516;230;716;235;124;15;2520;355;353;650;535;377;250;0
243000585;30420;51,4;31,1;30,1;24,4;25,3;1,1;29,9;2,5;8,5;7,8;6112;15839;1188;2251;312;2361;667;441;22;7063;1070;1095;1971;1450;921;556;0
243000593;25506;50,9;30,1;28,5;25,1;26,3;1;27;1,9;4,5;4,2;4906;13296;894;1618;208;2186;515;311;8;5995;884;948;1681;1271;772;439;0
243000643;244676;52,1;31;29;26,2;28,2;0,9;37,8;2;7,6;7;57345;130736;10167;27364;3208;16606;4685;4360;;53572;8023;7952;14189;10922;7356;5130;0
243100518;734944;51,5;33,6;32,7;19,1;21,4;1,2;45,6;1;8,7;8,5;211286;422761;26053;122461;11591;51181;11912;22120;43317;148898;26286;24526;40197;28437;17992;11460;0
243100690;89596;51;30,8;29,1;21,9;24;1,2;28,2;1,4;4,4;4;17609;47692;3222;5928;634;7825;1732;1273;108;21640;3120;3195;6077;4628;2981;1639;0
243100799;21624;53;25,5;23,7;34,4;37,3;0,6;38,1;1,3;4,5;3,9;4407;9900;752;2081;295;1279;307;411;51;3961;541;561;1084;860;571;344;0
243200540;31178;53,1;26,3;24,6;31,8;34,2;0,7;43,9;1;4,9;4,8;6989;14435;1099;3789;379;1722;388;680;;5397;752;805;1447;1148;827;418;0
243300316;749595;52,5;32,6;31,2;21,2;23,7;1,1;43,5;1;7,6;7,2;203433;424466;26661;110757;11131;54884;12120;18801;37898;155210;25530;23703;41512;30903;20487;13075;0
243301371;16316;52,7;25,1;23,8;35,7;38;0,6;35,9;1,5;9,4;8,4;2789;6465;520;1257;182;830;219;195;5;2674;355;405;702;567;408;237;0
243400017;441888;52,3;34;32,6;21,2;23,3;1,1;44,4;1,3;8,9;8,4;134708;270268;17327;77350;7706;32325;8107;11611;29371;95415;15854;14906;25607;18400;12273;8375;0
243400520;47890;51,8;30,5;28,9;24,3;25,7;1,1;29;1,9;7,2;6,6;10065;26011;1823;3648;552;4042;973;674;47;11361;1673;1714;3074;2369;1591;940;0
243400769;113815;52,4;28,1;26;30,8;33,4;0,8;37,9;1,8;8,7;8;29486;66144;5643;14047;1839;7957;2343;2132;;26876;4071;4154;7160;5456;3699;2336;0
243400819;71964;52,2;25;23,3;34,4;36,1;0,6;35,2;1,1;5,3;5,4;16230;36760;3293;7249;968;4720;1072;1038;;14869;2047;2108;3979;3230;2192;1313;0
243400827;96956;52,8;25,1;23;33,7;36,3;0,6;38,9;1,3;4,5;4,4;20941;46438;3880;9971;1077;6013;1345;1205;325;18370;2565;2567;4977;3836;2722;1703;0
243500139;426502;51,6;35,7;34,7;19,4;21,6;1,3;42,9;1,2;5,7;5,5;116717;245983;13380;65371;5898;32068;8238;12093;26512;91586;14558;14197;24780;18589;12086;7376;0
243500741;64810;50,9;29;27,3;27,9;30,4;0,9;33,9;1,5;1,7;1,7;11313;30607;1613;4122;558;5020;1429;869;;13770;1660;1945;3832;3194;2075;1064;0
243500782;80229;53;25,7;23,4;33,1;36,4;0,6;40,9;0,9;1,5;1,2;15819;37045;2405;7283;723;5408;1248;1396;567;15161;2172;2106;4137;3310;2234;1202;0
243600236;20907;51,8;24,9;22,9;32,4;36,5;0,6;41,9;0,8;2,6;2,5;3797;8301;619;1870;207;1101;227;334;161;3221;417;458;860;705;503;278;0
243600327;74738;52,5;27,6;25,5;29,3;32;0,8;39,2;1,2;4,8;4,6;15344;35218;2743;7077;911;4613;1115;1592;469;14390;2053;2138;3821;3041;2123;1214;0
243700754;290114;53,1;31,7;30,5;26,1;28,7;0,9;45;1,3;6,9;6,5;73211;152391;9912;40911;3868;18520;5015;7976;12426;56905;8761;8683;15088;11486;7987;4900;0
243800455;68907;51,2;30,7;29,1;24,6;26,6;1,1;32,3;1,9;6,5;6,3;13798;38005;2151;4679;699;6269;1745;976;284;17237;2593;2735;4728;3513;2334;1334;0
243800604;102511;51;34,8;33,3;19;20,6;1,5;30,2;2,6;6,8;6,5;21743;62323;3859;6763;987;10134;3102;1570;308;29451;4432;4649;8213;6008;3927;2222;0
243800778;51458;50,8;31,5;29,8;24,3;26,3;1,1;28;2,2;6,9;6,5;8826;26620;1350;2400;357;4719;1330;598;21;12729;1804;1940;3433;2798;1813;941;0
243800935;25567;50,3;33,7;32,6;20,2;21,3;1,4;23,3;2,8;8,5;8,2;5079;16021;669;1193;194;3023;795;289;23;7717;1249;1376;2270;1460;901;461;0
243800984;92639;;;;;;;;;;;;;;;;;;;;;;;;;;;2
243801198;22409;51,5;26,8;25,1;30,8;33;0,7;34,9;1,3;4,1;3,9;3961;10209;605;1580;170;1606;397;237;18;4472;573;629;1217;1071;654;328;0
243900339;31383;;;;;;;;;;;;;;;;;;;;;;;;;;;2
244000675;54466;53;24,8;22,6;32,6;36;0,6;41,5;0,7;4,8;4,4;11423;24529;1945;5748;532;3198;564;1020;449;9388;1311;1346;2483;2058;1415;775;0
244000808;54176;51,8;27,8;26,7;26,4;28,9;0,8;38,8;1;3,7;3,4;10629;24275;1736;5047;487;3359;756;1098;513;9846;1408;1337;2694;2171;1464;772;0
244100251;28009;52,1;26,3;24,4;33,2;36,3;0,7;39,1;1,6;5;4,8;5036;12093;810;2214;319;1693;486;490;114;5067;662;707;1409;1137;782;370;0
244200770;390550;52,3;31,6;29,7;26,8;29,6;0,9;40,2;1,9;9,5;9,1;89161;212784;11869;41682;5512;30098;9585;7376;7432;87964;13235;13928;23803;17748;11781;7469;0
244200796;79869;;;;;;;;;;;;;;;;;;;;;;;;;;;2
244300018;58652;;;;;;;;;;;;;;;;;;;;;;;;;;;2
244400404;609198;52,1;32,9;31,4;21,3;24;1,2;42,6;1,1;5,2;4,9;157199;350584;20238;80781;7789;48391;12384;16125;23321;137509;22539;21718;37119;27469;18023;10641;0
244400487;33112;51,2;29,9;28,4;27,8;30,5;0,9;33,9;1,7;3,9;3,5;5804;15798;828;2102;313;2561;778;486;71;7156;924;1089;1945;1579;1084;535;0
244400644;120518;51,7;29,6;27;27,6;31,1;0,9;39,2;1,1;3,4;2,8;26570;64106;4428;11759;1068;9315;2342;2244;1247;27254;3904;4177;7409;5904;3829;2031;0
244500203;60825;52,8;29,4;27,4;29,2;31,7;0,9;37,4;2;9,9;8,9;12674;32454;2426;4985;710;4553;1497;976;131;14500;2145;2269;3931;3028;1968;1159;0
244500211;25598;50,8;28;25,9;29,3;31,8;0,8;36,2;2,3;8,8;8,6;4358;11699;672;1629;259;1798;592;295;26;5286;697;778;1470;1196;775;370;0
244500468;276632;51,7;32,8;31;22,6;24,8;1,1;39,6;2,1;9,7;9,3;61210;149787;9570;27451;3078;21111;6636;5588;7094;64470;10260;10259;17665;13199;8253;4834;0
244900015;271405;;;;;;;;;;;;;;;;;;;;;;;;;;;2
244900361;62508;51,7;29,1;27,8;28,8;31,3;0,8;35,5;1,5;2,4;2,3;11320;27856;1711;4991;585;4033;1111;1165;429;11913;1669;1797;3175;2640;1727;905;0
244900700;80818;51,3;30,4;29,2;26,6;28,8;0,9;34,7;1,3;4,8;4,7;15417;40365;2009;6201;744;6463;1999;1683;748;17798;2557;2653;4792;3862;2603;1331;0
245000237;80978;51,7;29,5;27,6;25,7;29,1;0,9;42,1;1,2;2,2;2;17055;37905;2677;8336;1015;5027;1234;1527;623;14870;2065;2233;3889;3179;2246;1258;0
245100037;38498;52,5;27,4;25,9;27,2;30,4;0,8;40,4;1,3;5,2;4,8;6349;15047;1104;2747;389;2109;505;542;116;6196;901;909;1693;1300;872;521;0
245200456;31368;51,5;28,6;25,6;27,9;31,2;0,8;42,3;0,8;3;2,7;5948;13349;980;2887;319;1762;421;570;265;5323;774;787;1371;1192;782;417;0
245300330;95741;51,7;31,7;29,9;25,2;27,7;1;38,5;1,4;3,9;3,6;19446;48240;2678;8755;854;7159;2123;2142;1793;20829;2857;3086;5732;4496;3031;1627;0
245400262;59572;51,8;28,7;27;24,3;26,9;1;34,3;1,6;14,5;13,9;8859;20383;1411;4233;480;2735;797;497;311;8298;1268;1231;2282;1716;1147;654;0
245400601;40561;51,8;29;27,3;26,9;28,9;0,9;28,8;1,3;3,9;3,6;6929;18223;1182;2502;314;2931;597;476;26;8038;1125;1246;2228;1629;1089;721;0
245400676;254074;52,1;34,7;33;23,1;25,8;1;48,8;1,2;7,5;6,9;74329;140119;8783;46640;4038;14868;4079;7058;19573;46813;7360;7133;12352;9087;6343;4538;0
245400700;28948;51,6;29,6;27,6;27;30,1;0,9;36,8;1,7;2,3;2,1;6002;14133;1086;2691;329;1896;484;484;;5922;771;811;1580;1291;881;588;0
245600366;135906;52,6;28,9;26,8;28,7;31,2;0,8;39,5;1;2,6;2,4;27807;65939;4129;12902;1160;9616;2413;2536;2492;27421;3639;3998;7410;5939;4177;2258;0
245700216;51757;50,8;24,9;23,4;27,4;29,9;0,7;34;1,2;9,6;9,2;8708;20608;1409;3836;520;2943;682;570;156;8423;1179;1208;2234;1858;1232;712;0
245700372;79450;51,3;26,8;25,7;26,7;28,5;0,8;31,3;2;14;13,4;14162;33979;2222;6177;1000;4763;1401;791;64;14075;2033;2179;3829;2905;1882;1247;0
245700398;32906;51,9;28;26,9;28,3;30,1;0,8;31,7;2,5;10,5;10;6125;15226;895;2569;427;2234;710;378;14;6439;940;991;1734;1347;873;554;0
245701164;18271;51,1;25,3;23,6;28,8;31,8;0,7;33,3;1,5;9,2;8,9;3192;7850;545;1304;226;1117;326;218;7;3312;489;542;895;644;478;264;0
245701222;69804;51,3;28,9;27,3;25,8;28,4;0,9;32,7;2;8,8;8,6;12485;30819;1898;5285;794;4508;1332;720;70;13041;2056;2068;3593;2608;1624;1092;0
245701354;33288;50,2;29,3;27,8;22,2;23,6;1,1;21,4;1,1;2,9;2,7;4189;12784;545;978;148;2518;435;180;18;5924;911;1001;1652;1246;738;376;0
245701362;79469;51,3;27,4;25,5;24,4;27,5;0,9;36,9;1,2;6,6;6,6;12495;29152;1958;5678;706;4153;1003;771;280;11822;2014;1882;3068;2382;1587;889;0
245701388;40311;52;26,7;25,6;27,5;29,2;0,8;33,9;1,7;5,8;5,5;6999;17558;1152;2741;473;2633;677;442;85;7476;1073;1150;1986;1477;1093;697;0
245804406;67158;52,9;26,8;24,1;32,4;36,3;0,7;44,1;1,1;5,5;5,1;15677;32397;2418;8415;1011;3833;963;1461;;12096;1669;1782;3101;2664;1838;1042;0
245804463;16879;52,3;22,9;21,2;37,7;40,6;0,5;40,6;1;3,6;3,1;2655;6273;437;1176;161;881;229;217;;2588;341;382;730;542;395;198;0
245900410;1129061;52;35,7;34,1;19,3;21,6;1,4;37,7;2,5;7,4;7;290696;672982;42803;142373;16153;89367;27743;22836;;276855;43253;43518;73297;54707;36360;25720;0
245900428;198814;;;;;;;;;;;;;;;;;;;;;;;;;;;2
245901152;72830;51,9;32,8;30,9;22,8;25,6;1,2;26,8;2,6;1,8;1,7;14980;40220;2522;5228;1033;6197;1810;960;;17989;2451;2659;4865;3697;2584;1733;0
245901160;190459;51,9;33,3;31,4;22,5;25,6;1,2;35,4;2,6;4,6;4,1;47224;110946;7599;21594;3414;14617;4447;3734;3375;45741;6751;7170;12106;9096;6284;4334;0
246000111;72289;51,1;38,6;36,7;17,5;19,1;1,8;31;6,4;20;19,4;18573;50665;3200;6989;1244;7140;3185;1032;162;23703;3840;3965;6391;4576;2890;2041;0
246000129;23408;49,8;31,3;30,1;21,4;23,4;1,2;26,9;2,1;5,1;4,4;4152;11688;706;1316;196;1934;549;325;16;5411;824;845;1618;1095;642;387;0
246000376;37217;51,1;30,4;29,1;22,1;24,2;1,1;29,6;1,4;2,6;2,5;6628;17829;1214;2231;270;2913;646;463;48;8014;1218;1227;2221;1635;1100;613;0
246000582;35059;;;;;;;;;;;;;;;;;;;;;;;;;;;2
246000756;33313;51,2;32,4;30,4;23,7;25,8;1,2;29,9;3;6,6;5,9;6405;17259;1140;2294;366;2605;812;407;19;7911;1052;1191;2205;1682;1140;641;0
246000830;79781;;;;;;;;;;;;;;;;;;;;;;;;;;;2
246000871;54439;50,9;32;31,1;20;21,3;1,4;24,9;2,1;3,6;3,6;8373;26095;1315;1985;286;4787;1230;461;19;12675;1815;1849;3507;2759;1834;911;0
246000921;34124;50,9;30,5;28,9;21,8;23,2;1,2;26,8;1,7;4,2;4,3;5664;16104;988;1699;241;2736;678;382;15;7453;1109;1124;2061;1600;1018;541;0
246001010;70970;51,8;32,7;30,6;23,1;25,7;1,1;41,2;1,7;7,8;7,4;16255;37478;2513;8037;704;5001;1518;1199;2516;15517;2394;2416;4155;3198;2158;1196;0
246100663;54366;52,4;29,4;27,3;29,6;32,5;0,8;39,7;1,4;3,8;3,6;11497;26170;1803;5677;584;3433;986;1146;;10691;1516;1608;2902;2281;1589;795;0
246200018;15665;51,5;30,5;28,9;23,4;25,8;1,1;27,2;1,8;0,6;0,4;2987;7990;438;1048;182;1319;310;208;14;3493;489;502;989;733;478;302;0
246200299;124299;52,3;33,2;31,2;22,2;25,2;1,3;29,9;2,8;2,6;2,6;28337;74303;4601;10361;2226;11149;3365;1956;61;32600;4830;4974;8727;6609;4423;3037;0
246200299246200364;365944;52,2;32,9;30,9;22,6;25,7;1,2;31;2,7;2,5;2,4;84979;217877;13729;32247;7071;31932;9507;6066;707;93868;13623;14380;24891;18977;12875;9122;0
246200364;241645;52,2;32,7;30,8;22,8;26;1,2;31,5;2,7;2,5;2,3;56642;143574;9128;21886;4845;20783;6142;4110;646;61268;8793;9406;16164;12368;8452;6085;0
246200380;22048;50,9;31,4;30;23,2;24,8;1,1;23,4;1,9;0,9;0,8;3783;10817;546;1100;250;1887;479;246;9;4889;654;728;1267;1096;728;416;0
246200455;69090;50,8;32;30,5;23,1;25,8;1,1;31,7;2,1;1,6;1,3;14628;36993;2444;5722;1088;5374;1567;1224;371;15910;2225;2360;4171;3318;2287;1549;0
246200729;117208;52,5;31,2;28,9;25,5;28,7;1;35,4;1,9;1,6;1,2;25832;61036;4418;11361;1888;8165;2243;2076;664;25096;3436;3589;6560;5248;3703;2560;0
246200802;34979;51,9;30,2;29;24,6;27,3;1;26,7;2,1;0,4;0,4;6011;16465;922;2007;350;2732;664;396;34;7367;975;1010;2107;1619;1065;591;0
246201115;31204;52,7;26,8;24,9;32;35;0,7;34;1,5;1;0,8;5561;13950;773;2241;380;2167;541;466;99;5841;758;845;1579;1248;854;557;0
246201149;95601;50;35,4;32,1;21,1;24,9;1,3;35,7;2,1;5,9;1,7;23027;54836;4335;9995;1585;7112;2055;1989;734;23112;3156;3489;6248;4671;3218;2330;0
246300701;283680;52,6;31,4;30,2;25,6;28,3;0,9;46,4;1;7,5;7;71426;145495;8873;40763;3900;17890;4572;7237;14711;52355;8351;7962;13778;10726;7085;4453;0
246301063;15157;52;26,5;25;31,4;34,6;0,7;39,2;1,4;7,1;6,8;3403;7859;471;1593;239;1100;314;283;49;3118;420;441;821;683;475;278;0
246400030;126072;53,7;24,2;21,8;32,1;36,2;0,6;47,4;0,6;5;4,8;29279;57790;4416;16434;1468;6961;1149;2275;2380;20124;3075;2814;5317;4169;2974;1775;0
246401723;145247;52,8;28,6;26,6;28,2;31,4;0,8;47;0,9;7,1;6,8;36162;72047;5334;20581;2015;8232;1883;3035;4778;25730;3769;3782;6688;5241;3841;2409;0
246500565;77357;52,9;28,1;24,9;31,9;35,7;0,7;46,1;0,8;4,4;4,4;20259;41034;3205;11274;1147;4633;1141;1811;2444;15072;2149;2282;3934;3137;2219;1351;0
246700488;475904;52,3;33,3;32,1;21,4;23,3;1,1;41,4;1,9;12,2;12;124595;271028;15982;66345;7676;34592;10457;10313;;103840;16995;16499;27425;20317;13320;9284;0
246701072;29744;51,3;26,5;25,5;26,9;28,8;0,8;30,5;1,4;4,8;4,7;4441;12236;687;1495;206;2053;502;321;;5541;785;842;1431;1200;816;467;0
246701189;22980;51,5;29,2;28,6;24,5;26,3;1;26;2,2;6,8;6,8;4188;10745;600;1689;193;1706;462;309;5;4667;710;714;1242;996;655;350;0
246800247;53111;50,6;27,9;26,7;22,4;24,1;1;35,4;1,6;17,6;16,8;6472;17487;1144;2241;365;2722;789;365;;7925;1149;1228;2205;1693;1081;569;0
246800726;103013;51,8;29;26,9;25,3;27,8;0,9;37,1;1,3;8,8;8,4;18853;46049;3210;7975;1020;6648;1790;1440;;19505;3063;3061;5218;3963;2640;1560;0
246900757;29337;51,4;30,6;29,2;25,5;27;1;25,6;1,9;3,8;3,9;4825;15180;709;1142;142;2832;754;298;34;7378;1090;1202;2090;1594;930;472;0
247000011;32767;52,1;27,2;25;28,6;31,2;0,8;42,7;1,1;4,9;4,8;7118;15664;1145;3514;466;1993;543;668;225;6135;848;889;1633;1364;907;494;0
247000664;19717;51,5;28,5;27;27,4;29,7;0,9;34,7;1,6;4,1;4;3542;9147;610;1349;185;1398;363;246;24;4017;543;600;1066;887;575;346;0
247000722;19675;50,7;27,7;25,8;27,5;29,3;0,9;32;1,6;3;3,2;3288;8961;552;1136;137;1463;370;202;;4076;564;621;1093;924;579;295;0
247000755;14295;;;;;;;;;;;;;;;;;;;;;;;;;;;2
247100290;94210;52,2;25,1;23;34,4;37,5;0,6;39;1,1;5,4;5,2;17126;40242;2463;7845;1133;5685;1510;1168;;16347;2271;2508;4438;3380;2435;1315;0
247100589;106015;51,7;28,6;26,6;27,5;30,2;0,9;39;1,5;5,6;5,5;20441;49518;3225;8987;1093;7136;1970;1835;;20906;3055;3179;5695;4525;2940;1512;0
247104193;61889;52,1;28,3;26,1;27,8;30,7;0,8;40,2;1,4;8,2;7,4;12483;30874;1836;5427;636;4584;1386;1139;219;13181;2085;2061;3643;2643;1785;964;0
247200090;29392;51,4;30,8;29,4;25,7;28,2;1;33,5;1,8;4;3,9;4853;13220;755;1781;244;2073;636;453;57;6051;775;912;1617;1326;965;456;0
247200132;199095;52,7;31;28,9;27,3;30,2;0,9;42,8;1,6;5,6;5,5;46309;105532;8210;22599;2474;13026;3804;4779;3977;43762;6389;6803;11632;8930;6110;3898;0
247300049;58563;51,7;27,5;25,7;28,8;31,7;0,8;39,9;1;5;4,7;11041;26801;1468;4928;439;4206;912;830;1175;11123;1721;1711;3004;2370;1556;761;0
247300098;125416;52,2;30,8;29,3;24,9;27,6;1;39,7;1,4;7,2;7;27824;65191;3849;13168;1372;9435;2510;2355;;26630;4204;4030;7162;5470;3713;2051;0
247300767;43610;51;27,7;26,1;27,9;30,7;0,8;36,7;1,5;7,4;7;7584;20257;1234;2717;375;3258;883;575;57;9050;1324;1387;2499;1941;1250;649;0
247400690;39787;51,2;31,7;30,4;16,6;18;1,6;34,6;1;21,6;22,6;4170;11752;697;1232;178;2063;460;250;97;5336;1111;1006;1398;951;571;299;0
247600331;28768;53,2;29,1;27,1;28,6;31,5;0,8;36,3;1,3;0,7;0,5;5942;13921;983;2563;494;1902;468;489;;5654;693;776;1541;1251;847;546;0
247600596;235953;52,6;31,3;29,1;25,3;28;1;39,3;1,6;4,8;4,4;56865;129393;10603;27262;2885;16115;4349;4477;3808;53497;8053;8213;14178;10734;7314;5005;0
247600646;23152;52,1;30;28,1;24,7;27,6;1;29,7;1;1,2;0,9;5011;13283;845;1724;281;2161;451;351;;5838;843;891;1603;1205;796;500;0
247600786;48381;53,3;26,6;24,3;31,9;35,2;0,7;40,1;1,2;1,6;1,4;10789;23360;1836;5318;786;2849;706;1011;121;9028;1274;1347;2292;1895;1384;836;0
247700024;28177;51,3;32,3;31,2;21,6;23,3;1,3;28,5;2,6;7,3;7;5002;14454;852;1531;198;2421;742;343;28;6841;1004;1033;1886;1462;934;522;0
247700057;109274;52;34,8;33,1;19,4;21,4;1,5;34,5;3,4;15,4;14,7;24318;64302;4834;9232;1116;9136;3155;1609;552;29695;5094;4915;7944;5625;3595;2522;0
247700107;35309;51,4;35,1;33,1;22,1;23,7;1,3;28,7;4,1;14,7;14;7706;21974;1603;2439;445;3219;1236;475;;10580;1536;1565;2870;2210;1421;978;0
247700123;34089;53,4;28,1;26;27,2;30,2;0,8;44,2;1,2;10,7;10,4;5787;14639;1085;2358;235;2109;640;389;368;6499;940;943;1725;1360;975;556;0
247700370;105051;50,9;37,7;36,5;14,6;15,4;2,1;24,6;3,9;10;9,7;20457;62682;4161;5343;615;10338;3430;1325;486;31253;4608;4659;8596;6534;4143;2713;0
247700594;92726;51,2;33,8;32,7;15,8;16,7;1,7;29,7;2,2;9,6;10;17182;49301;3185;5127;552;8318;2043;1343;324;23247;3733;3554;6495;4766;2868;1831;0
247700628;89058;51;35,7;33,3;17,1;19,1;1,7;30,2;3,3;11,2;10,5;18982;52052;4010;6459;780;7733;2395;1348;;24577;4129;3901;6640;4759;3083;2065;0
247700677;77609;52,3;34,2;32,4;19,2;20,4;1,5;29;3,2;13,1;12,9;14549;43131;2879;4072;499;7099;2200;761;206;20955;3343;3333;5860;4286;2524;1609;0
247800014;117528;50,7;34,5;33,4;20,5;21,6;1,4;28,6;4,3;14,4;13,4;23589;67430;3944;7943;1113;10589;3862;1483;213;32092;5416;5226;8669;6200;4013;2568;0
247800451;144945;50,8;35,7;34,8;16;16,6;1,8;29;3,3;11;11;27988;80733;4910;9211;884;12983;4267;1712;1888;38804;6014;6262;10788;7809;4915;3016;0
247800634;37773;50,6;30,7;29,7;23,1;24,7;1,1;29,6;1,8;7,8;7,7;5811;17533;956;1636;144;3075;882;376;173;8494;1206;1280;2297;1836;1201;674;0
247800659;170920;51,8;32;30,2;20,7;22,6;1,3;29,8;2,2;11,5;11,6;26983;81874;4227;7374;756;14626;3890;1318;548;39483;5801;6152;10767;8439;5220;3104;0
247900798;36176;51,2;26,7;25,5;31,2;33,5;0,7;33,7;1,1;2,4;2,4;5854;14813;819;2342;391;2302;544;518;89;6318;878;925;1818;1375;901;421;0
248000531;175259;52,3;35,9;34,1;21;23,3;1,2;42,4;1,8;6;5,6;50528;100915;6889;29222;3248;11169;3224;4686;;36075;5486;5413;9425;7141;5010;3600;0
248000556;30468;52,9;28,8;26,6;29,1;32,2;0,8;36,9;1,8;1,2;1,1;6995;15506;1293;3243;569;1890;468;590;100;6115;798;864;1547;1306;958;642;0
248100380;51326;51,8;27,8;26,7;29,6;31,6;0,8;30,8;1,5;4,5;4,4;9743;25031;1624;3677;525;3917;930;598;56;10857;1443;1572;3009;2389;1594;850;0
248100430;78654;52,5;26,7;24,6;33,1;36;0,7;39;1,3;4,4;4,3;15806;36370;;7533;;4706;;;;14965;;;;;;;0
248100737;81365;53,4;28,5;26,5;30,9;33,4;0,7;42;1,2;4,3;4,1;18934;39401;2815;10335;1008;4776;1077;1686;2359;14760;1988;2138;4001;3200;2173;1260;0
248200099;71075;52,1;29,7;27,7;26,4;29;0,9;36,7;1,6;7,5;6,9;16202;38580;2725;7188;904;5385;1460;1449;;16146;2334;2290;4317;3544;2387;1274;0
248200164;29136;50,7;28,8;26;29,9;32,2;0,8;31,6;2,6;10;9,3;5232;13318;865;2096;314;1957;590;381;34;5826;833;853;1661;1260;795;424;0
248300493;105303;51,3;27,2;25,7;29,7;31,7;0,8;32,5;1,5;7;6,7;19654;49412;;7597;;7346;1789;1296;;21366;3120;3159;5931;4519;3008;1629;0
248300527;38859;51,5;29,2;27,6;28,9;30,5;0,9;30,7;1,9;6,1;5,8;7550;19105;1409;2934;426;2781;735;528;30;8345;1083;1218;2350;1828;1198;668;0
248300543;425511;52,5;26,2;24;31,3;34,2;0,7;39,7;1,2;4,3;4,1;91431;203791;16140;43732;4980;26579;6159;6058;3435;80743;12691;12065;21379;16237;11156;7215;0
248300550;41337;50,9;28,7;27,2;27,3;28,8;0,9;28,2;1,6;4,5;4,2;7882;21012;1396;2767;347;3372;807;489;17;9419;1297;1346;2669;2046;1331;730;0
248400053;68412;52,1;27,9;26,1;29,2;31,1;0,8;32,4;1,8;7,7;7,3;12450;31200;2277;4923;650;4600;1192;913;63;13494;2021;1974;3636;2778;1979;1106;0
248400236;67966;52,3;30,3;29;26,3;28,3;0,9;33,2;1,8;6,8;6,8;14052;35540;2551;5505;759;5237;1399;1075;60;15498;2354;2443;4235;3120;2085;1261;0
248400251;183938;52,6;30,5;28,7;25,9;28,1;1;38,2;1,9;8,5;8,3;44103;102843;7662;20461;2322;13658;3981;3445;;42686;6748;6718;11394;8593;5571;3662;0
248400293;24819;52,2;29,1;27,1;26,6;28,6;0,9;29,4;1,5;3,8;3,5;4443;11891;863;1478;209;1893;429;312;16;5343;740;729;1504;1169;766;435;0
248400319;32360;52,2;27,2;25,2;28,3;30,3;0,8;33,4;1,2;4,6;4,3;5712;14223;1059;2252;248;2153;472;377;28;6107;807;858;1677;1355;918;492;0
248500092;30485;51,4;26,4;25,7;32,2;34,3;0,7;34,4;1;2,2;2,2;5416;13186;769;2371;313;1963;495;452;;5519;670;717;1511;1312;897;412;0
248500589;93148;51,7;31,6;29,6;24,4;26,6;1,1;38,3;1;3;3;20711;49202;2867;9690;901;7253;1842;2331;1834;20391;2754;2947;5682;4576;2951;1481;0
248600157;138923;53,1;36,3;35,1;22,6;24,8;1,1;49,6;1,2;6,2;5,9;41907;78557;5084;26638;2201;7984;2164;4885;11988;26547;4128;4001;7110;5314;3667;2327;0
248600413;53107;52,1;27,9;26,1;30,7;33,3;0,8;37,2;1,6;4,3;4,1;10991;26474;2075;4877;519;3520;962;993;241;11469;1520;1699;3094;2487;1644;1025;0
248719312;206402;52,9;30,2;28,7;27,5;30,2;0,8;45,7;1,2;7,5;7;48658;100628;6608;27028;2991;12031;2915;4934;;37090;5631;5710;9950;7592;4994;3213;0
248800666;21710;52;26,5;24,4;30,8;34,1;0,7;40,6;1,2;3,6;3,5;4302;9971;652;1986;269;1395;345;365;;4008;511;541;1087;903;616;350;0
248900334;46375;52,4;28,6;26,5;28,7;30,9;0,8;39;1,8;8,4;7,5;9658;23946;1843;3964;594;3257;1050;677;95;10466;1517;1604;2840;2253;1424;828;0
248900383;14773;50,9;29,4;27,8;28,2;29,9;0,9;33,6;2,8;6,3;6,6;2769;7320;484;1022;200;1063;353;204;7;3278;484;523;878;719;438;236;0
248900532;63501;52,6;27,8;25,7;29,5;32,1;0,8;39,9;1,3;5,1;5;13117;30501;2209;6075;672;4161;1147;1240;;12579;1804;1887;3396;2640;1770;1082;0
248900938;21539;51,7;29,4;27,1;28,4;30,4;0,9;36,6;2,2;7,5;6,6;3822;9725;671;1494;232;1425;413;264;46;4246;597;658;1125;885;618;363;0
249000019;97042;50,1;31,6;28,8;24,5;27,4;1;40,4;1,8;7,6;7,6;20441;48013;3137;9568;1201;6535;2009;1480;1967;19822;2947;2960;5304;4235;2734;1642;0
249100348;116119;51,6;37,4;35,7;16;17,2;1,9;30,7;4,5;15,8;15,3;26979;73624;5020;10041;1034;10884;4067;1665;2326;34676;5789;5520;9285;6958;4210;2914;0
249100405;123174;49,9;35;32,3;20,6;22,8;1,3;32,6;2,3;10;9,5;26475;65375;3368;12423;671;10013;2878;2034;6368;28201;4138;4281;7748;6014;3791;2229;0
249100470;69951;51,1;34,6;34,1;18;19,3;1,6;32,7;3,6;17,9;17;15412;41858;3147;5464;684;6117;2118;1049;227;19639;3493;3211;5311;3704;2298;1622;0
249100496;102591;51,5;31,5;30,1;20,6;22;1,2;33,4;2,4;15,3;14,6;19325;55763;3406;5794;795;9330;2571;1262;319;26296;4626;4408;7237;4965;3115;1945;0
249100504;138112;50,1;33,2;31,5;19;21,2;1,4;30,2;2,5;11,4;10,3;24396;73145;4804;6592;774;12226;3612;1405;229;35746;5867;5866;9751;6983;4439;2840;0
249100512;91719;52,2;33,3;31,2;21;23,2;1,3;29,2;2,5;10,7;10,2;14944;45128;2978;3927;479;7560;2099;762;167;22123;3329;3494;6138;4599;2805;1758;0
249100520;83378;51,9;34,3;32,4;20,8;22,5;1,3;28,4;3,4;13,5;12,8;15028;43950;3167;4403;512;6946;2226;842;142;21423;3250;3348;5983;4306;2734;1802;0
249100538;65274;50,7;32,8;31,6;19,8;21,3;1,4;27;1,9;7,5;7,1;11201;34003;2058;2855;362;5926;1575;729;60;16521;2576;2577;4450;3474;2161;1283;0
249100579;58848;51,8;39,3;38;15,8;17,3;2,1;30;6,8;22,3;21,5;12499;37483;2775;3686;625;5413;2278;691;107;18906;3201;3109;5104;3598;2276;1618;0
249200015;185132;52;31,3;29,2;22,6;25;1,1;34,5;1,5;8,9;8,9;29480;83025;4557;9983;823;14117;3645;1401;2403;38594;5837;5932;10960;8014;4832;3019;0
249200056;143405;52,8;31,9;30;20,5;22,3;1,2;37,2;2;12,4;12,3;27961;72835;4993;10836;1125;11007;3213;1459;1652;32686;5311;5295;8942;6343;4121;2674;0
249300070;56670;51;40,6;39,5;15,1;15,9;2,2;20,5;9,6;27,9;27,6;12437;37446;2501;3539;933;5464;2355;536;55;18582;2844;2948;4908;3625;2298;1959;0
249300088;414121;49,4;36,7;36,5;14,1;14,8;2,1;33,2;5,5;31,1;28,7;113010;281004;20575;48926;6696;36813;14167;5771;4343;124096;21076;20093;32021;23274;15177;12455;0
249400060;206528;51,2;32,6;30,3;19,1;21,9;1,3;39,4;2,2;15,1;14,7;45366;107899;7544;21007;1836;14979;4338;2887;6176;45686;7748;7336;12246;8731;5617;4008;0
249400086249400094;263885;52,2;33,1;31,6;19,4;21;1,4;33,2;2,8;14,7;14,1;53541;143733;10313;19381;2217;21630;6538;2946;2302;66240;10895;10319;17575;12906;8536;6009;0
24940008694017;182223;51,8;33,4;32;20,2;21,5;1,4;29,1;3,2;15,6;14,7;34350;96032;6769;11329;1220;15032;4409;1680;446;45368;6992;6939;12186;9129;6010;4112;0
249400094;157623;52,4;33,5;31,8;18;19,7;1,5;36,5;2,9;15,7;15,1;35726;91826;6903;14092;1679;13052;4184;2087;2038;41271;7176;6581;10899;7764;5101;3750;0
2494000949407494078;203017;52,1;34,6;32,8;17,3;18,9;1,6;35,4;3,4;18,7;18;47344;123541;9333;18225;2228;17558;5976;2884;2356;56289;9968;8994;14794;10567;6917;5049;0
249500109;199938;51,2;36,9;35,8;15;15,9;1,9;30,4;3,4;13;12,6;46625;124255;8525;17861;1680;18559;6063;3239;4839;57307;9835;9303;15668;11131;6835;4535;0
249500380;167649;51,3;39,4;38,2;15,6;16,6;2,1;24,3;8,8;22,3;21,1;39930;118026;7775;12342;2342;17471;7802;1965;246;58066;9286;9095;15046;11116;7515;6008;0
249500398;85619;52,2;31,6;29,5;22,2;24,2;1,2;30,1;2,1;9,6;9,1;13789;41587;2467;3641;401;7280;1958;662;108;20098;3329;3159;5472;4037;2503;1598;0
249500398249500521;270839;51,8;32,8;31;20,2;21,8;1,3;28,8;2,6;10,2;9,8;47560;143105;8593;12857;1482;24628;6988;2521;;69368;11368;10974;19151;13863;8583;5429;0
249500414;120769;52,8;31,8;29,8;22,3;24,2;1,2;32,4;2,7;10,7;10,3;20915;61056;3981;6153;716;10065;2999;1055;341;29323;4714;4516;8028;5958;3656;2451;0
249500489;35841;50,6;35,5;34,1;17;18,3;1,8;27,5;3,5;10,9;10,3;7303;21333;;2161;;3455;1160;438;;10272;1595;1621;2830;2104;1320;802;0
249500521;185220;51,6;33,3;31,8;19,2;20,8;1,4;28,2;2,8;10,5;10,2;33771;101518;6126;9216;1081;17348;5030;1859;271;49270;8039;7815;13679;9826;6080;3831;0
249710062;78704;53,6;32,8;30,3;21;21,2;1,3;31,1;2,4;4,1;4,3;;;;;;;;;;;;;;;;;0
249710070;82174;53,8;29,5;26,8;27,1;28,4;0,9;35,7;1,9;4,4;4,5;;;;;;;;;;;;;;;;;
249720061;161021;55,3;29,3;26,3;25,2;27;1;39,2;1,7;3,2;3,5;;;;;;;;;;;;;;;;;
249730037;83412;48,3;57,1;58,9;3,9;4,2;12,7;15,4;36,5;42,1;39;;;;;;;;;;;;;;;;;
249730045;123085;51,9;43,9;42;10,8;10,8;3,4;26,6;7,9;32,3;33,8;;;;;;;;;;;;;;;;;
249740077;175874;51,5;37,4;35,3;15,7;16,7;2;25,6;3,8;0,9;1,1;57619;139679;14782;21815;3021;18001;3578;3626;745;60984;8360;8902;15294;12510;9106;6812;0
249740085;125247;51,6;36,8;34,6;17,2;18,2;1,8;27,2;2,7;0,6;0,8;40101;96113;9426;15190;2510;12975;2444;2638;937;40563;5727;6148;10331;8175;6083;4099;0
249740093;124652;51,8;40,7;38,7;14;14,8;2,4;23,1;4,6;0,9;1,1;41337;103435;11518;15484;2206;12129;2917;2764;250;47716;6712;7074;11851;9704;6995;5380;0
249740101;212074;51,1;36,9;35;15,2;16,2;2;24;4,6;1;1,2;65432;159743;17216;24301;2897;21018;4114;3854;320;70300;9587;10106;17581;14617;10758;7651;0
249740119;197256;52,9;37,5;35,7;16,1;17,3;1,9;32,9;3,3;1,9;2,3;66667;155204;17174;28315;3143;18035;3758;4079;3410;67203;9753;9976;16803;13443;9805;7423;0
